device_id,brand
11706,alcatel
10981,alcatel
10980,alcatel
10679,alcatel
10680,alcatel
10682,alcatel
11659,alcatel
10618,alcatel
10490,alcatel
10016,alcatel
10017,alcatel
10018,alcatel
10019,alcatel
10042,alcatel
9842,alcatel
9843,alcatel
10108,alcatel
9837,alcatel
9510,alcatel
9511,alcatel
9985,alcatel
9574,alcatel
9291,alcatel
9012,alcatel
9004,alcatel
9084,alcatel
9085,alcatel
9086,alcatel
8989,alcatel
9093,alcatel
9094,alcatel
8844,alcatel
8832,alcatel
8843,alcatel
8569,alcatel
8377,alcatel
8298,alcatel
8205,alcatel
8157,alcatel
8449,alcatel
7896,alcatel
7897,alcatel
8167,alcatel
8230,alcatel
7776,alcatel
7720,alcatel
7570,alcatel
7190,alcatel
7234,alcatel
7081,alcatel
7080,alcatel
7098,alcatel
7097,alcatel
7096,alcatel
7095,alcatel
6936,alcatel
6934,alcatel
6933,alcatel
6979,alcatel
6774,alcatel
6773,alcatel
6732,alcatel
6712,alcatel
6657,alcatel
6656,alcatel
7154,alcatel
7153,alcatel
6655,alcatel
6654,alcatel
6653,alcatel
6619,alcatel
6599,alcatel
6516,alcatel
6153,alcatel
6152,alcatel
6151,alcatel
6139,alcatel
6138,alcatel
6134,alcatel
6130,alcatel
6135,alcatel
6131,alcatel
6132,alcatel
5937,alcatel
5938,alcatel
5741,alcatel
5740,alcatel
5693,alcatel
5692,alcatel
5687,alcatel
5691,alcatel
5671,alcatel
5672,alcatel
5668,alcatel
5669,alcatel
5449,alcatel
5681,alcatel
5318,alcatel
5319,alcatel
5332,alcatel
5231,alcatel
5230,alcatel
5229,alcatel
5228,alcatel
5242,alcatel
5226,alcatel
5218,alcatel
5139,alcatel
5110,alcatel
5165,alcatel
5080,alcatel
4663,alcatel
4661,alcatel
4659,alcatel
4528,alcatel
12558,apple
12559,apple
11773,apple
11860,apple
11862,apple
11861,apple
11410,apple
11089,apple
11102,apple
11103,apple
11104,apple
10237,apple
10508,apple
10509,apple
10510,apple
10170,apple
9846,apple
9847,apple
9848,apple
9319,apple
9318,apple
9320,apple
8858,apple
8131,apple
8573,apple
8065,apple
8064,apple
7969,apple
7243,apple
7242,apple
6665,apple
6378,apple
5685,apple
5690,apple
5070,apple
5061,apple
4910,apple
4212,apple
3275,apple
3716,apple
12380,asus
11656,asus
10892,asus
10893,asus
10393,asus
10379,asus
10296,asus
10328,asus
9770,asus
9698,asus
9634,asus
9633,asus
9410,asus
9373,asus
9372,asus
9224,asus
9194,asus
9173,asus
9096,asus
9061,asus
9068,asus
9097,asus
8953,asus
8866,asus
8783,asus
8782,asus
8892,asus
8862,asus
8808,asus
8784,asus
8811,asus
8814,asus
8810,asus
8749,asus
8801,asus
8681,asus
8579,asus
8550,asus
8502,asus
8509,asus
8503,asus
8493,asus
8467,asus
8425,asus
8384,asus
8218,asus
8207,asus
8206,asus
8197,asus
8156,asus
8130,asus
8129,asus
8106,asus
8111,asus
8262,asus
8097,asus
8095,asus
8045,asus
8048,asus
7866,asus
7733,asus
7577,asus
7368,asus
7476,asus
7475,asus
7479,asus
7757,asus
7477,asus
7478,asus
7474,asus
7473,asus
7444,asus
7378,asus
7255,asus
7256,asus
7261,asus
7044,asus
7120,asus
6917,asus
7045,asus
6982,asus
6953,asus
6918,asus
6897,asus
6737,asus
6630,asus
6629,asus
6429,asus
6428,asus
6414,asus
6413,asus
6412,asus
6394,asus
6519,asus
6238,asus
6120,asus
6853,asus
5953,asus
7160,asus
5952,asus
5891,asus
5706,asus
5675,asus
5674,asus
5494,asus
5329,asus
5328,asus
5249,asus
5091,asus
5017,asus
4850,asus
4422,asus
3965,asus
12603,blu
12459,blu
12458,blu
12457,blu
12456,blu
12153,blu
12102,blu
11830,blu
11829,blu
11828,blu
11757,blu
11716,blu
11715,blu
11673,blu
11672,blu
11643,blu
11509,blu
11368,blu
11348,blu
11319,blu
11318,blu
11258,blu
11096,blu
11095,blu
11094,blu
11073,blu
10934,blu
10935,blu
10781,blu
10745,blu
10741,blu
10730,blu
10729,blu
10731,blu
10732,blu
10607,blu
10535,blu
10537,blu
10538,blu
10540,blu
10539,blu
10470,blu
10453,blu
10403,blu
10359,blu
10313,blu
10312,blu
10160,blu
10107,blu
10106,blu
10105,blu
10047,blu
10046,blu
10045,blu
9967,blu
9930,blu
9929,blu
9855,blu
9877,blu
9876,blu
9718,blu
9597,blu
9542,blu
9482,blu
9470,blu
9360,blu
9325,blu
9314,blu
9307,blu
9302,blu
9301,blu
9277,blu
9254,blu
9253,blu
9223,blu
9184,blu
9165,blu
9154,blu
9146,blu
9131,blu
9072,blu
9064,blu
9063,blu
9007,blu
8835,blu
8621,blu
7892,blu
7558,blu
7523,blu
6928,blu
6927,blu
6925,blu
6924,blu
6900,blu
6899,blu
6838,blu
6835,blu
6669,blu
6565,blu
6567,blu
6406,blu
6405,blu
6346,blu
6330,blu
6277,blu
6276,blu
6244,blu
6243,blu
6242,blu
6041,blu
5986,blu
5957,blu
5956,blu
5955,blu
5954,blu
5935,blu
5920,blu
5909,blu
5908,blu
5873,blu
5761,blu
5661,blu
5660,blu
5662,blu
5593,blu
5489,blu
5458,blu
5459,blu
5460,blu
5411,blu
5360,blu
5358,blu
5359,blu
5295,blu
5282,blu
5281,blu
5209,blu
5208,blu
5206,blu
5205,blu
5202,blu
5201,blu
5023,blu
4947,blu
4946,blu
4901,blu
4370,blu
4224,blu
3548,blu
12454,htc
12269,htc
12522,htc
12523,htc
11948,htc
11642,htc
10790,htc
10681,htc
10529,htc
10594,htc
10357,htc
10593,htc
10592,htc
10595,htc
10297,htc
9965,htc
9924,htc
9797,htc
9735,htc
9734,htc
9487,htc
9179,htc
9119,htc
9102,htc
9071,htc
8990,htc
8908,htc
8885,htc
8630,htc
8519,htc
8518,htc
8404,htc
8444,htc
8277,htc
8884,htc
8297,htc
8276,htc
8633,htc
8128,htc
8086,htc
8066,htc
8072,htc
8031,htc
7884,htc
7942,htc
7941,htc
7940,htc
8348,htc
7836,htc
7758,htc
7731,htc
7753,htc
7627,htc
7592,htc
7591,htc
7576,htc
7418,htc
7419,htc
7275,htc
7267,htc
7194,htc
6977,htc
7165,htc
7111,htc
7310,htc
6891,htc
7115,htc
7183,htc
6968,htc
6947,htc
6921,htc
6913,htc
6841,htc
6830,htc
6736,htc
6713,htc
6715,htc
6719,htc
6854,htc
6637,htc
6636,htc
6621,htc
6608,htc
6589,htc
6588,htc
6581,htc
6528,htc
6483,htc
6463,htc
6397,htc
6345,htc
6234,htc
6316,htc
6233,htc
6074,htc
6009,htc
6487,htc
6073,htc
6160,htc
5907,htc
6552,htc
5870,htc
5871,htc
5704,htc
5666,htc
5667,htc
5623,htc
5505,htc
5547,htc
5537,htc
5536,htc
5465,htc
5395,htc
5498,htc
5313,htc
5261,htc
5118,htc
5113,htc
5106,htc
5105,htc
5100,htc
5016,htc
4976,htc
5104,htc
4975,htc
5000,htc
4980,htc
4979,htc
4951,htc
4830,htc
5861,htc
4829,htc
4805,htc
4759,htc
4997,htc
4744,htc
4665,htc
4977,htc
4320,htc
4614,htc
4572,htc
4836,htc
4574,htc
4575,htc
4525,htc
4435,htc
4099,htc
4302,htc
4202,htc
4161,htc
4102,htc
4097,htc
3958,htc
4132,htc
4285,htc
4196,htc
4164,htc
4027,htc
4131,htc
4070,htc
4022,htc
3964,htc
3938,htc
3922,htc
3901,htc
3875,htc
3895,htc
3887,htc
3739,htc
3788,htc
3776,htc
3777,htc
3786,htc
3787,htc
3829,htc
3953,htc
3896,htc
3706,htc
3703,htc
3702,htc
3585,htc
3338,htc
3576,htc
3557,htc
3530,htc
3118,htc
3556,htc
3468,htc
3421,htc
5058,htc
3392,htc
3577,htc
3337,htc
3163,htc
3077,htc
3141,htc
3069,htc
3427,htc
12720,huawei
12648,huawei
12585,huawei
12530,huawei
12259,huawei
12020,huawei
11918,huawei
11858,huawei
11856,huawei
11641,huawei
11489,huawei
11247,huawei
11328,huawei
11177,huawei
11120,huawei
11121,huawei
11048,huawei
11030,huawei
10755,huawei
10642,huawei
10645,huawei
10652,huawei
10579,huawei
10551,huawei
10550,huawei
10555,huawei
10519,huawei
10546,huawei
10475,huawei
10429,huawei
10417,huawei
10418,huawei
10299,huawei
10252,huawei
10292,huawei
10249,huawei
10236,huawei
10219,huawei
10231,huawei
10227,huawei
10222,huawei
10223,huawei
10212,huawei
10203,huawei
10204,huawei
10205,huawei
11010,huawei
10153,huawei
10112,huawei
10073,huawei
10074,huawei
10012,huawei
9799,huawei
9956,huawei
9922,huawei
9933,huawei
9905,huawei
9887,huawei
9880,huawei
9885,huawei
9881,huawei
9886,huawei
9765,huawei
9830,huawei
9803,huawei
9823,huawei
9747,huawei
9746,huawei
9728,huawei
9742,huawei
9694,huawei
9705,huawei
9635,huawei
9530,huawei
9545,huawei
9627,huawei
9675,huawei
9645,huawei
9644,huawei
9643,huawei
9668,huawei
9576,huawei
9620,huawei
9625,huawei
9531,huawei
9500,huawei
9501,huawei
9409,huawei
9466,huawei
9368,huawei
9369,huawei
9343,huawei
9367,huawei
9324,huawei
9284,huawei
9272,huawei
9632,huawei
9267,huawei
9209,huawei
9196,huawei
9502,huawei
9162,huawei
9141,huawei
9106,huawei
9107,huawei
9098,huawei
9188,huawei
9114,huawei
9265,huawei
9112,huawei
9092,huawei
8961,huawei
8943,huawei
8899,huawei
8854,huawei
8877,huawei
8857,huawei
8833,huawei
8632,huawei
8715,huawei
8637,huawei
8703,huawei
8672,huawei
8663,huawei
8578,huawei
8635,huawei
8687,huawei
8695,huawei
8640,huawei
8686,huawei
8515,huawei
8514,huawei
8598,huawei
8516,huawei
8458,huawei
8396,huawei
8415,huawei
8073,huawei
8402,huawei
8315,huawei
8312,huawei
8284,huawei
8302,huawei
8301,huawei
8285,huawei
8138,huawei
8084,huawei
8037,huawei
8036,huawei
7983,huawei
7745,huawei
7972,huawei
7793,huawei
7239,huawei
7744,huawei
7647,huawei
7588,huawei
7533,huawei
7440,huawei
7309,huawei
7829,huawei
7206,huawei
7279,huawei
7201,huawei
7200,huawei
7006,huawei
7187,huawei
7075,huawei
7076,huawei
7077,huawei
6909,huawei
6908,huawei
6896,huawei
6869,huawei
7308,huawei
6705,huawei
6677,huawei
6676,huawei
6646,huawei
6543,huawei
6678,huawei
6499,huawei
6493,huawei
6124,huawei
6332,huawei
6290,huawei
6278,huawei
6168,huawei
6136,huawei
6137,huawei
6129,huawei
6103,huawei
5981,huawei
5979,huawei
5949,huawei
5936,huawei
5921,huawei
5840,huawei
5910,huawei
5485,huawei
5633,huawei
5699,huawei
5632,huawei
5698,huawei
5539,huawei
5467,huawei
5386,huawei
5382,huawei
5365,huawei
5267,huawei
5257,huawei
5327,huawei
5648,huawei
5439,huawei
5065,huawei
5237,huawei
5164,huawei
5250,huawei
5141,huawei
5112,huawei
5077,huawei
5068,huawei
5022,huawei
5020,huawei
4963,huawei
4966,huawei
4882,huawei
4839,huawei
4838,huawei
5383,huawei
4594,huawei
4410,huawei
5002,huawei
4570,huawei
4569,huawei
4568,huawei
4409,huawei
4381,huawei
4264,huawei
4265,huawei
4260,huawei
4234,huawei
4109,huawei
4057,huawei
4226,huawei
4204,huawei
3789,huawei
3595,huawei
3596,huawei
3840,huawei
3513,huawei
3451,huawei
11924,infinix
11822,infinix
11498,infinix
11473,infinix
12476,lenovo
12052,lenovo
12521,lenovo
11747,lenovo
11394,lenovo
12008,lenovo
10972,lenovo
10992,lenovo
10970,lenovo
10630,lenovo
10733,lenovo
10406,lenovo
10329,lenovo
9821,lenovo
9822,lenovo
9826,lenovo
9825,lenovo
9824,lenovo
9757,lenovo
9754,lenovo
9711,lenovo
9671,lenovo
9655,lenovo
9609,lenovo
9490,lenovo
9436,lenovo
9489,lenovo
9349,lenovo
9375,lenovo
9374,lenovo
9371,lenovo
9222,lenovo
9226,lenovo
9225,lenovo
9144,lenovo
9143,lenovo
9116,lenovo
8973,lenovo
8942,lenovo
8941,lenovo
8834,lenovo
8850,lenovo
8794,lenovo
8603,lenovo
8602,lenovo
8559,lenovo
8423,lenovo
8376,lenovo
8375,lenovo
8506,lenovo
8320,lenovo
8319,lenovo
8318,lenovo
8317,lenovo
8316,lenovo
8208,lenovo
8193,lenovo
8147,lenovo
8146,lenovo
8145,lenovo
8125,lenovo
8101,lenovo
8038,lenovo
7952,lenovo
7951,lenovo
7947,lenovo
7946,lenovo
7939,lenovo
7918,lenovo
7878,lenovo
7865,lenovo
7850,lenovo
7802,lenovo
7755,lenovo
7742,lenovo
7605,lenovo
8142,lenovo
7557,lenovo
7539,lenovo
7711,lenovo
7552,lenovo
7540,lenovo
7354,lenovo
7511,lenovo
7507,lenovo
8043,lenovo
7233,lenovo
7214,lenovo
7197,lenovo
7192,lenovo
7147,lenovo
7046,lenovo
7886,lenovo
7088,lenovo
7167,lenovo
7090,lenovo
7063,lenovo
6956,lenovo
8185,lenovo
6955,lenovo
6938,lenovo
6920,lenovo
6919,lenovo
6848,lenovo
6842,lenovo
6855,lenovo
6789,lenovo
6788,lenovo
6787,lenovo
6739,lenovo
6746,lenovo
6730,lenovo
6681,lenovo
6643,lenovo
6642,lenovo
6595,lenovo
6396,lenovo
6529,lenovo
6293,lenovo
6370,lenovo
6673,lenovo
6369,lenovo
6368,lenovo
6296,lenovo
6674,lenovo
6283,lenovo
6281,lenovo
6280,lenovo
6279,lenovo
6159,lenovo
6158,lenovo
6157,lenovo
6047,lenovo
5934,lenovo
5894,lenovo
5893,lenovo
5843,lenovo
5830,lenovo
5851,lenovo
5684,lenovo
5683,lenovo
5689,lenovo
5612,lenovo
5544,lenovo
5486,lenovo
5450,lenovo
5850,lenovo
5385,lenovo
5353,lenovo
5352,lenovo
5241,lenovo
5244,lenovo
5247,lenovo
5463,lenovo
5462,lenovo
5245,lenovo
5333,lenovo
5246,lenovo
5243,lenovo
5140,lenovo
5095,lenovo
5094,lenovo
5060,lenovo
4985,lenovo
4956,lenovo
4911,lenovo
4424,lenovo
4445,lenovo
10742,lg
10743,lg
10744,lg
10585,lg
10586,lg
10564,lg
10464,lg
10558,lg
10463,lg
10459,lg
10597,lg
10368,lg
10451,lg
10382,lg
10090,lg
10088,lg
10087,lg
10086,lg
9906,lg
9844,lg
9827,lg
9828,lg
9805,lg
9804,lg
9753,lg
9752,lg
9751,lg
9758,lg
9607,lg
9540,lg
9585,lg
9586,lg
9587,lg
9411,lg
9300,lg
9544,lg
9309,lg
9305,lg
9304,lg
9285,lg
9278,lg
9251,lg
9228,lg
9191,lg
9206,lg
9115,lg
9090,lg
9122,lg
10072,lg
9190,lg
9074,lg
9073,lg
9047,lg
9006,lg
8712,lg
8781,lg
8756,lg
8780,lg
8696,lg
8466,lg
8584,lg
8694,lg
8492,lg
8679,lg
8678,lg
8491,lg
8490,lg
8817,lg
8489,lg
8488,lg
8238,lg
8184,lg
8183,lg
8159,lg
8158,lg
8081,lg
8133,lg
8132,lg
8079,lg
8085,lg
7980,lg
8269,lg
8056,lg
7815,lg
7977,lg
7976,lg
7927,lg
7926,lg
7849,lg
7848,lg
7883,lg
7773,lg
7675,lg
7606,lg
7556,lg
7575,lg
7496,lg
7451,lg
7442,lg
7437,lg
7363,lg
7250,lg
7253,lg
7245,lg
7212,lg
7148,lg
7051,lg
7052,lg
7053,lg
7054,lg
6916,lg
6812,lg
6776,lg
6764,lg
6750,lg
6709,lg
6606,lg
6555,lg
6593,lg
6592,lg
6575,lg
6569,lg
6562,lg
6554,lg
6546,lg
6545,lg
6520,lg
6475,lg
6315,lg
6572,lg
6294,lg
6357,lg
6353,lg
6352,lg
7038,lg
6326,lg
6307,lg
6173,lg
6133,lg
6118,lg
6117,lg
6077,lg
6171,lg
6100,lg
6285,lg
6101,lg
6286,lg
6102,lg
6052,lg
6032,lg
5998,lg
5901,lg
5705,lg
5806,lg
5772,lg
5736,lg
5750,lg
5673,lg
5543,lg
5650,lg
5649,lg
5602,lg
5488,lg
5487,lg
5554,lg
5509,lg
5390,lg
5315,lg
5722,lg
5316,lg
5254,lg
5372,lg
5275,lg
5373,lg
5293,lg
5389,lg
5292,lg
5608,lg
5048,lg
5078,lg
5032,lg
5025,lg
5062,lg
4751,lg
4941,lg
5005,lg
4982,lg
4981,lg
4964,lg
4955,lg
4948,lg
4932,lg
4835,lg
4749,lg
4739,lg
4717,lg
4653,lg
4649,lg
4563,lg
4562,lg
4545,lg
4565,lg
4571,lg
4554,lg
4461,lg
4430,lg
4416,lg
4377,lg
4064,lg
4329,lg
4353,lg
4257,lg
4213,lg
4188,lg
4201,lg
4140,lg
4157,lg
4067,lg
4309,lg
4043,lg
4289,lg
4287,lg
4037,lg
4040,lg
3886,lg
3759,lg
3704,lg
3762,lg
3598,lg
3731,lg
3558,lg
3532,lg
3516,lg
3081,lg
12471,nokia
12381,nokia
12321,nokia
12244,nokia
12184,nokia
12139,nokia
12137,nokia
12085,nokia
11831,nokia
11826,nokia
11825,nokia
11669,nokia
11644,nokia
11629,nokia
11381,nokia
11380,nokia
11382,nokia
11358,nokia
11356,nokia
11207,nokia
11135,nokia
11077,nokia
11013,nokia
10967,nokia
11019,nokia
10959,nokia
10955,nokia
10838,nokia
10840,nokia
10841,nokia
10842,nokia
10843,nokia
10844,nokia
10700,nokia
10624,nokia
10584,nokia
10588,nokia
10547,nokia
10404,nokia
10460,nokia
10351,nokia
10273,nokia
10275,nokia
10274,nokia
10142,nokia
10117,nokia
10143,nokia
9993,nokia
9988,nokia
9833,nokia
9834,nokia
9731,nokia
9652,nokia
8867,nokia
9603,nokia
10619,nokia
9604,nokia
9538,nokia
9342,nokia
9364,nokia
9354,nokia
9178,nokia
9246,nokia
9214,nokia
9215,nokia
9216,nokia
9087,nokia
9058,nokia
8972,nokia
9052,nokia
8513,nokia
8907,nokia
8522,nokia
8572,nokia
8571,nokia
6885,nokia
6877,nokia
6814,nokia
6640,nokia
6639,nokia
6638,nokia
6524,nokia
6523,nokia
6383,nokia
6227,nokia
6254,nokia
6255,nokia
6232,nokia
6148,nokia
6147,nokia
6067,nokia
5833,nokia
5869,nokia
5760,nokia
5791,nokia
5438,nokia
5506,nokia
5451,nokia
5437,nokia
5321,nokia
5322,nokia
5150,nokia
5147,nokia
5090,nokia
5069,nokia
5024,nokia
4967,nokia
4968,nokia
4695,nokia
4662,nokia
4576,nokia
4578,nokia
4275,nokia
4240,nokia
4372,nokia
4276,nokia
4220,nokia
4223,nokia
4222,nokia
3398,nokia
3885,nokia
3578,nokia
3545,nokia
3524,nokia
3394,nokia
3397,nokia
3390,nokia
3252,nokia
3109,nokia
12773,samsung
12784,samsung
12785,samsung
12616,samsung
12520,samsung
12584,samsung
12583,samsung
12189,samsung
12074,samsung
12024,samsung
12083,samsung
12082,samsung
12151,samsung
12004,samsung
11945,samsung
11803,samsung
11736,samsung
11633,samsung
11665,samsung
11600,samsung
11564,samsung
11439,samsung
11459,samsung
11268,samsung
11429,samsung
11403,samsung
11373,samsung
11402,samsung
10954,samsung
11149,samsung
11244,samsung
11215,samsung
11124,samsung
11110,samsung
11062,samsung
10937,samsung
11039,samsung
11087,samsung
11041,samsung
11015,samsung
10996,samsung
10873,samsung
10948,samsung
10900,samsung
10848,samsung
10860,samsung
10850,samsung
10825,samsung
10824,samsung
10469,samsung
10631,samsung
10641,samsung
10718,samsung
10753,samsung
10740,samsung
10578,samsung
10648,samsung
10663,samsung
10604,samsung
10709,samsung
10708,samsung
10603,samsung
10580,samsung
10496,samsung
10498,samsung
10377,samsung
10428,samsung
10412,samsung
10148,samsung
10371,samsung
10261,samsung
10355,samsung
10338,samsung
10333,samsung
10335,samsung
10316,samsung
10314,samsung
10216,samsung
10239,samsung
10208,samsung
10243,samsung
10157,samsung
10483,samsung
10124,samsung
10149,samsung
10138,samsung
10111,samsung
10132,samsung
10079,samsung
10040,samsung
10084,samsung
10041,samsung
10080,samsung
10254,samsung
10044,samsung
10081,samsung
10004,samsung
10001,samsung
10003,samsung
9917,samsung
9999,samsung
9995,samsung
9963,samsung
9937,samsung
9899,samsung
9852,samsung
9818,samsung
9861,samsung
9795,samsung
9796,samsung
9806,samsung
9787,samsung
9732,samsung
9789,samsung
9788,samsung
9793,samsung
9790,samsung
9781,samsung
9730,samsung
9636,samsung
9588,samsung
9536,samsung
9537,samsung
9721,samsung
9505,samsung
9506,samsung
9508,samsung
9659,samsung
9646,samsung
9616,samsung
9554,samsung
9642,samsung
9579,samsung
9661,samsung
9640,samsung
9580,samsung
9581,samsung
9665,samsung
9432,samsung
9352,samsung
9344,samsung
9340,samsung
9163,samsung
9334,samsung
9397,samsung
9335,samsung
9255,samsung
9260,samsung
9234,samsung
8928,samsung
9220,samsung
9202,samsung
9205,samsung
9203,samsung
9204,samsung
9156,samsung
9155,samsung
9153,samsung
9135,samsung
8967,samsung
8966,samsung
8904,samsung
8790,samsung
8886,samsung
8900,samsung
8725,samsung
8789,samsung
8505,samsung
8676,samsung
8778,samsung
8683,samsung
8684,samsung
8675,samsung
8561,samsung
8705,samsung
8438,samsung
9331,samsung
8682,samsung
8161,samsung
8523,samsung
8437,samsung
8577,samsung
8397,samsung
8486,samsung
8435,samsung
8335,samsung
8494,samsung
8336,samsung
8385,samsung
8424,samsung
8347,samsung
7801,samsung
8367,samsung
8265,samsung
8342,samsung
8314,samsung
8288,samsung
8242,samsung
8082,samsung
8140,samsung
8192,samsung
8186,samsung
8228,samsung
8083,samsung
8455,samsung
8004,samsung
8126,samsung
8046,samsung
8047,samsung
7903,samsung
7870,samsung
7869,samsung
7880,samsung
7821,samsung
7945,samsung
7961,samsung
7960,samsung
7768,samsung
7879,samsung
7864,samsung
7641,samsung
7759,samsung
7789,samsung
7791,samsung
8022,samsung
7760,samsung
7679,samsung
7648,samsung
7273,samsung
7673,samsung
7504,samsung
7431,samsung
7508,samsung
7505,samsung
7467,samsung
7509,samsung
6506,samsung
7468,samsung
7453,samsung
7506,samsung
7249,samsung
7395,samsung
8785,samsung
7185,samsung
7184,samsung
7114,samsung
7134,samsung
8883,samsung
7121,samsung
6990,samsung
7166,samsung
7164,samsung
7079,samsung
7377,samsung
6849,samsung
7034,samsung
7357,samsung
6907,samsung
7110,samsung
6894,samsung
7132,samsung
6763,samsung
6905,samsung
6879,samsung
6906,samsung
6716,samsung
6802,samsung
6761,samsung
6803,samsung
6762,samsung
6748,samsung
6725,samsung
6790,samsung
6708,samsung
6706,samsung
6631,samsung
6749,samsung
6758,samsung
6434,samsung
6658,samsung
6659,samsung
6482,samsung
6576,samsung
6580,samsung
6573,samsung
6563,samsung
6542,samsung
6662,samsung
6534,samsung
6391,samsung
6252,samsung
6478,samsung
6479,samsung
6480,samsung
6481,samsung
6331,samsung
6460,samsung
6450,samsung
6435,samsung
6439,samsung
6432,samsung
6433,samsung
6404,samsung
6356,samsung
6210,samsung
6289,samsung
6284,samsung
6251,samsung
6250,samsung
6241,samsung
6249,samsung
6248,samsung
6240,samsung
6209,samsung
6190,samsung
6272,samsung
6237,samsung
6338,samsung
6033,samsung
6846,samsung
6099,samsung
6054,samsung
6015,samsung
5961,samsung
5975,samsung
5969,samsung
5958,samsung
6049,samsung
5946,samsung
5928,samsung
5904,samsung
5889,samsung
5887,samsung
5886,samsung
5876,samsung
5862,samsung
5814,samsung
5803,samsung
5542,samsung
5786,samsung
5766,samsung
5841,samsung
5749,samsung
5665,samsung
5597,samsung
5548,samsung
5447,samsung
5375,samsung
5446,samsung
5456,samsung
5468,samsung
5419,samsung
5423,samsung
5422,samsung
5398,samsung
5396,samsung
5394,samsung
5392,samsung
5391,samsung
5314,samsung
5371,samsung
5125,samsung
5420,samsung
5388,samsung
5253,samsung
5280,samsung
5279,samsung
5271,samsung
5263,samsung
5221,samsung
5213,samsung
5163,samsung
5162,samsung
5144,samsung
5124,samsung
5111,samsung
5272,samsung
5047,samsung
5033,samsung
5027,samsung
5026,samsung
5019,samsung
5018,samsung
5001,samsung
4992,samsung
4914,samsung
4854,samsung
5152,samsung
4960,samsung
4961,samsung
4957,samsung
4954,samsung
4953,samsung
4923,samsung
4883,samsung
4857,samsung
5114,samsung
4777,samsung
4771,samsung
4750,samsung
4804,samsung
4803,samsung
4799,samsung
4238,samsung
5461,samsung
4566,samsung
4564,samsung
5340,samsung
4559,samsung
3883,samsung
4544,samsung
4671,samsung
4543,samsung
4469,samsung
4432,samsung
4420,samsung
4419,samsung
4406,samsung
4415,samsung
4952,samsung
4374,samsung
4397,samsung
4387,samsung
4344,samsung
4158,samsung
4159,samsung
4303,samsung
4277,samsung
4301,samsung
4219,samsung
4327,samsung
4262,samsung
4071,samsung
4239,samsung
4667,samsung
4208,samsung
4200,samsung
4198,samsung
4668,samsung
4136,samsung
4135,samsung
4130,samsung
4129,samsung
3956,samsung
4376,samsung
4124,samsung
4114,samsung
4117,samsung
4091,samsung
4059,samsung
3967,samsung
4026,samsung
3969,samsung
3968,samsung
3908,samsung
3913,samsung
3920,samsung
3919,samsung
3893,samsung
3884,samsung
3621,samsung
3761,samsung
3724,samsung
3726,samsung
3741,samsung
3725,samsung
3719,samsung
3620,samsung
3453,samsung
3672,samsung
3370,samsung
3580,samsung
3581,samsung
3408,samsung
3410,samsung
3432,samsung
3395,samsung
3294,samsung
3115,samsung
12534,sony
12263,sony
12264,sony
11838,sony
11521,sony
11522,sony
11174,sony
11064,sony
10851,sony
10698,sony
10707,sony
10396,sony
10096,sony
10095,sony
10091,sony
9840,sony
9543,sony
9591,sony
9353,sony
9592,sony
9268,sony
9232,sony
9166,sony
9081,sony
9082,sony
8985,sony
8986,sony
8987,sony
8804,sony
8840,sony
8610,sony
8619,sony
8599,sony
8593,sony
8595,sony
8596,sony
8292,sony
8313,sony
8113,sony
8102,sony
7949,sony
7948,sony
7957,sony
7950,sony
7538,sony
7536,sony
7537,sony
7534,sony
7535,sony
7465,sony
7464,sony
7466,sony
7463,sony
7257,sony
6878,sony
7228,sony
7227,sony
7100,sony
7068,sony
7069,sony
7059,sony
7060,sony
7031,sony
6882,sony
6663,sony
6634,sony
6633,sony
6632,sony
6796,sony
6539,sony
6582,sony
6538,sony
6489,sony
6488,sony
6456,sony
6408,sony
6146,sony
6162,sony
6145,sony
6161,sony
6144,sony
5967,sony
5966,sony
5968,sony
5950,sony
5753,sony
5596,sony
5540,sony
5541,sony
5497,sony
5421,sony
5363,sony
5364,sony
5204,sony
5203,sony
5148,sony
5149,sony
5015,sony
4958,sony
4930,sony
4959,sony
4899,sony
4894,sony
4832,sony
4718,sony
4831,sony
4782,sony
4781,sony
4775,sony
4774,sony
4773,sony
4772,sony
4647,sony
4408,sony
4437,sony
4436,sony
4369,sony
4798,sony
4412,sony
12572,xiaomi
12581,xiaomi
12776,xiaomi
12714,xiaomi
12715,xiaomi
12716,xiaomi
12697,xiaomi
12689,xiaomi
12684,xiaomi
12388,xiaomi
12389,xiaomi
12582,xiaomi
12470,xiaomi
12245,xiaomi
12134,xiaomi
12257,xiaomi
12258,xiaomi
12218,xiaomi
12209,xiaomi
12181,xiaomi
12197,xiaomi
12124,xiaomi
12188,xiaomi
12072,xiaomi
12094,xiaomi
12092,xiaomi
12063,xiaomi
12053,xiaomi
12045,xiaomi
12047,xiaomi
11953,xiaomi
11954,xiaomi
11955,xiaomi
11956,xiaomi
11887,xiaomi
11888,xiaomi
11904,xiaomi
11909,xiaomi
11906,xiaomi
11855,xiaomi
11834,xiaomi
11848,xiaomi
11832,xiaomi
11850,xiaomi
11869,xiaomi
11819,xiaomi
11762,xiaomi
11580,xiaomi
11472,xiaomi
11652,xiaomi
11551,xiaomi
11519,xiaomi
11427,xiaomi
11479,xiaomi
11487,xiaomi
11453,xiaomi
11454,xiaomi
11455,xiaomi
11449,xiaomi
11419,xiaomi
11425,xiaomi
11180,xiaomi
11372,xiaomi
11430,xiaomi
11431,xiaomi
11287,xiaomi
11285,xiaomi
11292,xiaomi
11412,xiaomi
11395,xiaomi
11396,xiaomi
11371,xiaomi
11388,xiaomi
11362,xiaomi
11357,xiaomi
11333,xiaomi
11334,xiaomi
11335,xiaomi
11336,xiaomi
11186,xiaomi
11241,xiaomi
11193,xiaomi
11159,xiaomi
11181,xiaomi
11152,xiaomi
11153,xiaomi
11137,xiaomi
11119,xiaomi
11129,xiaomi
11128,xiaomi
11134,xiaomi
11127,xiaomi
11100,xiaomi
11099,xiaomi
11101,xiaomi
11079,xiaomi
11060,xiaomi
11040,xiaomi
10949,xiaomi
11008,xiaomi
10930,xiaomi
10919,xiaomi
10857,xiaomi
10880,xiaomi
10867,xiaomi
10737,xiaomi
10777,xiaomi
10815,xiaomi
10665,xiaomi
10805,xiaomi
10714,xiaomi
10802,xiaomi
10758,xiaomi
10780,xiaomi
10662,xiaomi
10768,xiaomi
10769,xiaomi
10247,xiaomi
10770,xiaomi
10771,xiaomi
10752,xiaomi
10727,xiaomi
10728,xiaomi
10661,xiaomi
10670,xiaomi
10615,xiaomi
10616,xiaomi
10582,xiaomi
10581,xiaomi
10609,xiaomi
10599,xiaomi
10517,xiaomi
10437,xiaomi
10473,xiaomi
10480,xiaomi
10591,xiaomi
10399,xiaomi
10461,xiaomi
10415,xiaomi
10398,xiaomi
10361,xiaomi
10349,xiaomi
10350,xiaomi
10318,xiaomi
10279,xiaomi
10277,xiaomi
10278,xiaomi
10233,xiaomi
10267,xiaomi
10266,xiaomi
10202,xiaomi
10200,xiaomi
10220,xiaomi
10235,xiaomi
10217,xiaomi
10192,xiaomi
10183,xiaomi
10207,xiaomi
10159,xiaomi
10150,xiaomi
10140,xiaomi
10147,xiaomi
10126,xiaomi
10120,xiaomi
10109,xiaomi
10110,xiaomi
10055,xiaomi
10082,xiaomi
10169,xiaomi
10078,xiaomi
9991,xiaomi
9979,xiaomi
9946,xiaomi
9945,xiaomi
9936,xiaomi
9935,xiaomi
9800,xiaomi
9897,xiaomi
9892,xiaomi
9891,xiaomi
9884,xiaomi
9862,xiaomi
9812,xiaomi
9779,xiaomi
9769,xiaomi
9716,xiaomi
9759,xiaomi
9749,xiaomi
9791,xiaomi
9738,xiaomi
9720,xiaomi
9708,xiaomi
9707,xiaomi
9639,xiaomi
9498,xiaomi
9521,xiaomi
9602,xiaomi
9584,xiaomi
9583,xiaomi
9507,xiaomi
9534,xiaomi
9513,xiaomi
9499,xiaomi
9382,xiaomi
9378,xiaomi
9333,xiaomi
9329,xiaomi
9293,xiaomi
9140,xiaomi
9247,xiaomi
8963,xiaomi
9249,xiaomi
9237,xiaomi
9217,xiaomi
9219,xiaomi
9185,xiaomi
9067,xiaomi
9120,xiaomi
8893,xiaomi
9164,xiaomi
8959,xiaomi
8768,xiaomi
8898,xiaomi
8753,xiaomi
8818,xiaomi
8707,xiaomi
8529,xiaomi
8776,xiaomi
8582,xiaomi
8608,xiaomi
8477,xiaomi
8439,xiaomi
8580,xiaomi
8531,xiaomi
8420,xiaomi
8419,xiaomi
8263,xiaomi
8400,xiaomi
8014,xiaomi
8350,xiaomi
7260,xiaomi
8291,xiaomi
8233,xiaomi
8212,xiaomi
8250,xiaomi
8150,xiaomi
8007,xiaomi
7962,xiaomi
7863,xiaomi
7862,xiaomi
7822,xiaomi
7769,xiaomi
7512,xiaomi
6992,xiaomi
7710,xiaomi
7480,xiaomi
7211,xiaomi
6952,xiaomi
6944,xiaomi
7159,xiaomi
6884,xiaomi
6866,xiaomi
6561,xiaomi
6518,xiaomi
6365,xiaomi
6217,xiaomi
5678,xiaomi
6373,xiaomi
5609,xiaomi
5397,xiaomi
4928,xiaomi
4929,xiaomi
12751,zte
12708,zte
12712,zte
12613,zte
12612,zte
12611,zte
12435,zte
12428,zte
12399,zte
12398,zte
12455,zte
12157,zte
12096,zte
12042,zte
12015,zte
12006,zte
12005,zte
11944,zte
11917,zte
11698,zte
11649,zte
11664,zte
11660,zte
11958,zte
11612,zte
11611,zte
11516,zte
11379,zte
11579,zte
11364,zte
11363,zte
11700,zte
11243,zte
11240,zte
11946,zte
11203,zte
11083,zte
11082,zte
11009,zte
10929,zte
10914,zte
10885,zte
10837,zte
10858,zte
10798,zte
10820,zte
10821,zte
10772,zte
10706,zte
10613,zte
10614,zte
10571,zte
10567,zte
11728,zte
11197,zte
11729,zte
11723,zte
10339,zte
10282,zte
10281,zte
11725,zte
11724,zte
10193,zte
10284,zte
10139,zte
11705,zte
10070,zte
9955,zte
9954,zte
9921,zte
9839,zte
9780,zte
9712,zte
9713,zte
9714,zte
9692,zte
9610,zte
9695,zte
9433,zte
9347,zte
9171,zte
9174,zte
9701,zte
9697,zte
9161,zte
9133,zte
9110,zte
9088,zte
8971,zte
9038,zte
8970,zte
9033,zte
8913,zte
8902,zte
8901,zte
8896,zte
8838,zte
8290,zte
8895,zte
8894,zte
8793,zte
8779,zte
8752,zte
8748,zte
8746,zte
8747,zte
8677,zte
8658,zte
8660,zte
8615,zte
8609,zte
8607,zte
8600,zte
8601,zte
8562,zte
8504,zte
8501,zte
8401,zte
8638,zte
8387,zte
8232,zte
8300,zte
8182,zte
8092,zte
8067,zte
8091,zte
8548,zte
8044,zte
8063,zte
7963,zte
8293,zte
7943,zte
9152,zte
8143,zte
7944,zte
7868,zte
7852,zte
7853,zte
7761,zte
7686,zte
7670,zte
7646,zte
7572,zte
7485,zte
7441,zte
7430,zte
7428,zte
7422,zte
8114,zte
7481,zte
7656,zte
7790,zte
7355,zte
8244,zte
7294,zte
7207,zte
7168,zte
7116,zte
7149,zte
7891,zte
7057,zte
7058,zte
7056,zte
6954,zte
6914,zte
6898,zte
6847,zte
6697,zte
6641,zte
6607,zte
6491,zte
6492,zte
6367,zte
6579,zte
6381,zte
6324,zte
6236,zte
6155,zte
5948,zte
5852,zte
5853,zte
5834,zte
5755,zte
5620,zte
5659,zte
5511,zte
5499,zte
5376,zte
5330,zte
5470,zte
5240,zte
5173,zte
5133,zte
5647,zte
4893,zte
5004,zte
4983,zte
4962,zte
4873,zte
4597,zte
4585,zte
4586,zte
4598,zte
4608,zte
4506,zte
4467,zte
4304,zte
4290,zte
3391,zte
