device_id,network
11706,GSM 
11706, HSPA 
11706, LTE
10981,GSM 
10981, HSPA 
10981, LTE
10980,GSM 
10980, HSPA 
10980, LTE
10679,GSM 
10679, HSPA 
10679, LTE
10680,GSM 
10680, HSPA 
10680, LTE
10682,GSM 
10682, HSPA 
10682, LTE
11659,GSM 
11659, HSPA 
11659, LTE
10618,GSM 
10618, HSPA 
10618, LTE
10490,GSM 
10490, HSPA 
10490, LTE
10016,GSM 
10016, HSPA 
10016, LTE
10017,GSM 
10017, HSPA 
10017, LTE
10018,GSM 
10018, HSPA 
10018, LTE
10019,GSM 
10019, HSPA 
10019, LTE
10042,GSM 
10042, HSPA 
10042, LTE
9842,GSM 
9842, HSPA 
9842, LTE
9843,GSM 
9843, HSPA 
9843, LTE
10108,LTE
9837,No cellular connectivity
9510,GSM 
9510, HSPA 
9510, LTE
9511,GSM 
9511, HSPA
9985,GSM 
9985, HSPA 
9985, LTE
9574,GSM 
9574, HSPA 
9574, LTE
9291,GSM 
9291, HSPA 
9291, LTE
9012,GSM 
9012, HSPA 
9012, LTE
9004,GSM 
9004, HSPA 
9004, LTE
9084,GSM 
9084, HSPA 
9084, LTE
9085,GSM 
9085, HSPA 
9085, LTE
9086,GSM 
9086, HSPA 
9086, LTE
8989,GSM 
8989, HSPA 
8989, LTE
9093,No cellular connectivity
9094,No cellular connectivity
8844,GSM 
8844, HSPA 
8844, LTE
8832,GSM 
8832, HSPA 
8832, LTE
8843,GSM 
8843, HSPA 
8843, LTE
8569,GSM 
8569, HSPA 
8569, LTE
8377,GSM 
8377, HSPA 
8377, LTE
8298,GSM 
8298, HSPA 
8298, LTE
8205,GSM 
8205, HSPA 
8205, LTE
8157,GSM 
8157, HSPA
8449,GSM 
8449, HSPA 
8449, LTE
7896,GSM 
7896, HSPA 
7896, LTE
7897,GSM 
7897, HSPA 
7897, LTE
8167,GSM 
8167, HSPA
8230,GSM 
8230, HSPA 
8230, LTE
7776,GSM 
7776, HSPA 
7776, LTE
7720,GSM 
7720, HSPA 
7720, LTE
7570,GSM 
7570, HSPA 
7570, LTE
7190,GSM 
7190, HSPA 
7190, LTE
7234,GSM 
7234, HSPA 
7234, LTE
7081,GSM 
7081, HSPA 
7081, LTE
7080,GSM 
7080, HSPA 
7080, LTE
7098,GSM 
7098, HSPA
7097,GSM 
7097, HSPA 
7097, LTE
7096,GSM 
7096, HSPA
7095,No cellular connectivity
6936,GSM 
6936, HSPA 
6936, LTE
6934,GSM 
6934, HSPA 
6934, LTE
6933,GSM 
6933, HSPA 
6933, LTE
6979,GSM 
6979, HSPA
6774,GSM 
6774, HSPA
6773,GSM 
6773, HSPA
6732,GSM 
6732, HSPA
6712,GSM
6657,GSM 
6657, HSPA 
6657, LTE
6656,GSM 
6656, HSPA 
6656, LTE
7154,GSM 
7154, HSPA
7153,GSM 
7153, HSPA
6655,GSM 
6655, HSPA 
6655, LTE
6654,GSM 
6654, HSPA 
6654, LTE
6653,GSM 
6653, HSPA 
6653, LTE
6619,GSM 
6619, HSPA
6599,GSM 
6599, HSPA
6516,GSM 
6516, HSPA
6153,GSM 
6153, HSPA 
6153, LTE
6152,GSM 
6152, HSPA 
6152, LTE
6151,GSM 
6151, HSPA 
6151, LTE
6139,GSM 
6139, HSPA
6138,GSM 
6138, HSPA
6134,GSM 
6134, HSPA 
6134, LTE
6130,GSM 
6130, HSPA
6135,GSM 
6135, HSPA 
6135, LTE
6131,GSM 
6131, HSPA
6132,GSM 
6132, HSPA
5937,GSM 
5937, HSPA
5938,GSM 
5938, HSPA
5741,GSM 
5741, HSPA
5740,GSM 
5740, HSPA
5693,GSM 
5693, HSPA
5692,GSM 
5692, HSPA
5687,GSM 
5687, HSPA
5691,GSM 
5691, HSPA
5671,GSM 
5671, HSPA
5672,GSM 
5672, HSPA
5668,GSM 
5668, HSPA 
5668, LTE
5669,GSM 
5669, HSPA
5449,No cellular connectivity
5681,GSM 
5681, HSPA
5318,GSM 
5318, HSPA
5319,GSM 
5319, HSPA
5332,GSM 
5332, HSPA
5231,GSM 
5231, HSPA
5230,GSM 
5230, HSPA
5229,GSM 
5229, HSPA
5228,GSM 
5228, HSPA
5242,GSM 
5242, HSPA
5226,GSM 
5226, HSPA 
5226, LTE
5218,GSM 
5218, HSPA
5139,GSM 
5139, HSPA
5110,GSM 
5110, HSPA
5165,GSM 
5165, HSPA
5080,CDMA 
5080, EVDO
4663,GSM 
4663, HSPA
4661,GSM 
4661, HSPA
4659,GSM 
4659, HSPA
4528,GSM 
4528, HSPA
12558,GSM 
12558, CDMA 
12558, HSPA 
12558, EVDO 
12558, LTE 
12558, 5G
12559,GSM 
12559, CDMA 
12559, HSPA 
12559, EVDO 
12559, LTE 
12559, 5G
11773,GSM 
11773, CDMA 
11773, HSPA 
11773, EVDO 
11773, LTE 
11773, 5G
11860,GSM 
11860, CDMA 
11860, HSPA 
11860, EVDO 
11860, LTE 
11860, 5G
11862,GSM 
11862, CDMA 
11862, HSPA 
11862, EVDO 
11862, LTE 
11862, 5G
11861,GSM 
11861, CDMA 
11861, HSPA 
11861, EVDO 
11861, LTE 
11861, 5G
11410,GSM 
11410, CDMA 
11410, HSPA 
11410, EVDO 
11410, LTE 
11410, 5G
11089,GSM 
11089, CDMA 
11089, HSPA 
11089, EVDO 
11089, LTE 
11089, 5G
11102,GSM 
11102, CDMA 
11102, HSPA 
11102, EVDO 
11102, LTE 
11102, 5G
11103,GSM 
11103, CDMA 
11103, HSPA 
11103, EVDO 
11103, LTE 
11103, 5G
11104,GSM 
11104, CDMA 
11104, HSPA 
11104, EVDO 
11104, LTE 
11104, 5G
10237,GSM 
10237, CDMA 
10237, HSPA 
10237, EVDO 
10237, LTE 
10237, 5G
10508,GSM 
10508, CDMA 
10508, HSPA 
10508, EVDO 
10508, LTE 
10508, 5G
10509,GSM 
10509, CDMA 
10509, HSPA 
10509, EVDO 
10509, LTE 
10509, 5G
10510,GSM 
10510, CDMA 
10510, HSPA 
10510, EVDO 
10510, LTE 
10510, 5G
10170,GSM 
10170, CDMA 
10170, HSPA 
10170, EVDO 
10170, LTE
9846,GSM 
9846, CDMA 
9846, HSPA 
9846, EVDO 
9846, LTE
9847,GSM 
9847, CDMA 
9847, HSPA 
9847, EVDO 
9847, LTE
9848,GSM 
9848, CDMA 
9848, HSPA 
9848, EVDO 
9848, LTE
9319,GSM 
9319, CDMA 
9319, HSPA 
9319, EVDO 
9319, LTE
9318,GSM 
9318, CDMA 
9318, HSPA 
9318, EVDO 
9318, LTE
9320,GSM 
9320, CDMA 
9320, HSPA 
9320, EVDO 
9320, LTE
8858,GSM 
8858, HSPA 
8858, LTE
8131,GSM 
8131, HSPA 
8131, LTE
8573,GSM 
8573, HSPA 
8573, LTE
8065,GSM 
8065, CDMA 
8065, HSPA 
8065, EVDO 
8065, LTE
8064,GSM 
8064, CDMA 
8064, HSPA 
8064, EVDO 
8064, LTE
7969,GSM 
7969, CDMA 
7969, HSPA 
7969, EVDO 
7969, LTE
7243,GSM 
7243, CDMA 
7243, HSPA 
7243, EVDO 
7243, LTE
7242,GSM 
7242, CDMA 
7242, HSPA 
7242, EVDO 
7242, LTE
6665,GSM 
6665, CDMA 
6665, HSPA 
6665, EVDO 
6665, LTE
6378,GSM 
6378, CDMA 
6378, HSPA 
6378, EVDO 
6378, LTE
5685,GSM 
5685, CDMA 
5685, HSPA 
5685, EVDO 
5685, LTE
5690,GSM 
5690, CDMA 
5690, HSPA 
5690, LTE
5070,No cellular connectivity
5061,GSM 
5061, CDMA 
5061, HSPA 
5061, LTE
4910,GSM 
4910, CDMA 
4910, HSPA 
4910, EVDO 
4910, LTE
4212,GSM 
4212, CDMA 
4212, HSPA 
4212, EVDO
3275,GSM 
3275, HSPA
3716,CDMA 
3716, EVDO
12380,GSM 
12380, HSPA 
12380, LTE 
12380, 5G
11656,GSM 
11656, HSPA 
11656, LTE 
11656, 5G
10892,GSM 
10892, HSPA 
10892, LTE 
10892, 5G
10893,GSM 
10893, HSPA 
10893, LTE 
10893, 5G
10393,GSM 
10393, HSPA 
10393, LTE 
10393, 5G
10379,GSM 
10379, HSPA 
10379, LTE 
10379, 5G
10296,GSM 
10296, CDMA 
10296, HSPA 
10296, LTE 
10296, 5G
10328,GSM 
10328, CDMA 
10328, HSPA 
10328, LTE 
10328, 5G
9770,GSM 
9770, HSPA 
9770, LTE
9698,GSM 
9698, HSPA 
9698, LTE
9634,GSM 
9634, HSPA 
9634, LTE
9633,GSM 
9633, HSPA 
9633, LTE
9410,GSM 
9410, HSPA 
9410, LTE
9373,GSM 
9373, HSPA 
9373, LTE
9372,GSM 
9372, HSPA 
9372, LTE
9224,GSM 
9224, CDMA 
9224, HSPA 
9224, LTE
9194,GSM 
9194, HSPA 
9194, LTE
9173,GSM 
9173, HSPA 
9173, LTE
9096,GSM 
9096, CDMA 
9096, HSPA 
9096, LTE
9061,GSM 
9061, HSPA 
9061, LTE
9068,GSM 
9068, HSPA 
9068, LTE
9097,GSM 
9097, HSPA 
9097, LTE
8953,GSM 
8953, CDMA 
8953, HSPA 
8953, LTE
8866,GSM 
8866, HSPA 
8866, LTE
8783,GSM 
8783, HSPA 
8783, LTE
8782,GSM 
8782, HSPA 
8782, LTE
8892,GSM 
8892, HSPA 
8892, LTE
8862,GSM 
8862, HSPA 
8862, LTE
8808,GSM 
8808, HSPA 
8808, LTE
8784,GSM 
8784, HSPA 
8784, LTE
8811,GSM 
8811, HSPA 
8811, LTE
8814,GSM 
8814, HSPA 
8814, LTE
8810,GSM 
8810, HSPA 
8810, LTE
8749,GSM 
8749, HSPA 
8749, LTE
8801,GSM 
8801, HSPA 
8801, LTE
8681,GSM 
8681, HSPA 
8681, LTE
8579,GSM 
8579, HSPA 
8579, LTE
8550,GSM 
8550, HSPA 
8550, LTE
8502,GSM 
8502, HSPA 
8502, LTE
8509,GSM 
8509, HSPA 
8509, LTE
8503,GSM 
8503, HSPA
8493,GSM 
8493, HSPA 
8493, LTE
8467,GSM 
8467, HSPA 
8467, LTE
8425,GSM 
8425, HSPA 
8425, LTE
8384,GSM 
8384, HSPA 
8384, LTE
8218,No cellular connectivity
8207,GSM 
8207, HSPA 
8207, LTE
8206,GSM 
8206, HSPA 
8206, LTE
8197,GSM 
8197, HSPA 
8197, LTE
8156,GSM 
8156, HSPA 
8156, LTE
8130,GSM 
8130, HSPA 
8130, LTE
8129,GSM 
8129, HSPA 
8129, LTE
8106,GSM 
8106, HSPA 
8106, LTE
8111,GSM 
8111, HSPA 
8111, LTE
8262,GSM 
8262, HSPA 
8262, LTE
8097,GSM 
8097, HSPA
8095,GSM 
8095, HSPA 
8095, LTE
8045,GSM 
8045, HSPA 
8045, LTE
8048,GSM 
8048, HSPA
7866,GSM 
7866, HSPA
7733,GSM 
7733, HSPA 
7733, LTE
7577,GSM 
7577, HSPA 
7577, LTE
7368,GSM 
7368, HSPA
7476,GSM 
7476, HSPA 
7476, LTE
7475,GSM 
7475, HSPA 
7475, LTE
7479,GSM 
7479, HSPA 
7479, LTE
7757,GSM 
7757, HSPA 
7757, LTE
7477,GSM 
7477, HSPA 
7477, LTE
7478,GSM 
7478, HSPA
7474,GSM 
7474, HSPA 
7474, LTE
7473,GSM 
7473, HSPA
7444,GSM 
7444, HSPA 
7444, LTE
7378,GSM 
7378, HSPA 
7378, LTE
7255,GSM 
7255, HSPA 
7255, LTE
7256,GSM 
7256, HSPA
7261,GSM 
7261, HSPA 
7261, LTE
7044,GSM 
7044, HSPA 
7044, LTE
7120,GSM 
7120, HSPA 
7120, LTE
6917,GSM 
6917, HSPA 
6917, LTE
7045,GSM 
7045, HSPA 
7045, LTE
6982,GSM 
6982, HSPA
6953,GSM 
6953, HSPA
6918,GSM 
6918, HSPA 
6918, LTE
6897,GSM 
6897, LTE
6737,GSM 
6737, HSPA 
6737, LTE
6630,GSM 
6630, HSPA 
6630, LTE
6629,No cellular connectivity
6429,GSM 
6429, HSPA 
6429, LTE
6428,GSM 
6428, HSPA
6414,GSM 
6414, HSPA 
6414, LTE
6413,No cellular connectivity
6412,No cellular connectivity
6394,GSM 
6394, HSPA
6519,GSM 
6519, HSPA 
6519, LTE
6238,GSM 
6238, HSPA 
6238, LTE
6120,GSM 
6120, HSPA 
6120, LTE
6853,GSM 
6853, HSPA
5953,GSM 
5953, HSPA
7160,GSM 
7160, HSPA
5952,GSM 
5952, HSPA
5891,GSM 
5891, HSPA
5706,GSM 
5706, HSPA 
5706, LTE
5675,No cellular connectivity
5674,GSM 
5674, HSPA 
5674, LTE
5494,GSM 
5494, HSPA
5329,GSM 
5329, HSPA
5328,GSM 
5328, HSPA 
5328, LTE
5249,No cellular connectivity
5091,GSM 
5091, HSPA
5017,GSM 
5017, HSPA 
5017, LTE
4850,No cellular connectivity
4422,No cellular connectivity
3965,GSM 
3965, HSPA
12603,GSM 
12603, HSPA 
12603, LTE 
12603, 5G
12459,GSM 
12459, HSPA 
12459, LTE
12458,GSM 
12458, HSPA 
12458, LTE
12457,GSM 
12457, HSPA 
12457, LTE
12456,GSM 
12456, HSPA 
12456, LTE
12153,GSM 
12153, HSPA 
12153, LTE 
12153, 5G
12102,GSM 
12102, HSPA 
12102, LTE
11830,GSM 
11830, HSPA 
11830, LTE
11829,GSM 
11829, HSPA 
11829, LTE
11828,GSM 
11828, HSPA 
11828, LTE
11757,GSM 
11757, HSPA 
11757, LTE 
11757, 5G
11716,GSM 
11716, HSPA 
11716, LTE
11715,GSM 
11715, HSPA 
11715, LTE
11673,GSM 
11673, HSPA
11672,GSM 
11672, HSPA
11643,GSM 
11643, HSPA 
11643, LTE
11509,GSM 
11509, HSPA 
11509, LTE
11368,GSM 
11368, HSPA 
11368, LTE
11348,GSM 
11348, HSPA 
11348, LTE
11319,GSM 
11319, HSPA
11318,GSM 
11318, HSPA
11258,GSM 
11258, HSPA 
11258, LTE
11096,GSM 
11096, HSPA 
11096, LTE
11095,GSM 
11095, HSPA 
11095, LTE
11094,GSM 
11094, HSPA 
11094, LTE
11073,GSM 
11073, HSPA 
11073, LTE
10934,GSM 
10934, HSPA 
10934, LTE
10935,GSM 
10935, HSPA
10781,GSM 
10781, HSPA 
10781, LTE
10745,GSM 
10745, HSPA 
10745, LTE
10741,GSM 
10741, HSPA
10730,GSM 
10730, HSPA 
10730, LTE
10729,GSM 
10729, HSPA
10731,GSM 
10731, HSPA 
10731, LTE
10732,GSM 
10732, HSPA 
10732, LTE
10607,GSM 
10607, HSPA 
10607, LTE
10535,GSM 
10535, HSPA 
10535, LTE
10537,GSM 
10537, HSPA
10538,GSM 
10538, HSPA 
10538, LTE
10540,GSM 
10540, HSPA 
10540, LTE
10539,GSM 
10539, HSPA
10470,GSM 
10470, HSPA 
10470, LTE
10453,GSM 
10453, HSPA 
10453, LTE
10403,GSM 
10403, HSPA 
10403, LTE
10359,GSM 
10359, HSPA
10313,GSM 
10313, HSPA 
10313, LTE
10312,GSM 
10312, HSPA 
10312, LTE
10160,GSM 
10160, HSPA
10107,GSM 
10107, HSPA
10106,GSM 
10106, HSPA
10105,GSM 
10105, HSPA
10047,GSM 
10047, HSPA 
10047, LTE
10046,GSM 
10046, HSPA 
10046, LTE
10045,GSM 
10045, HSPA 
10045, LTE
9967,GSM 
9967, HSPA
9930,GSM 
9930, HSPA
9929,GSM 
9929, HSPA
9855,GSM 
9855, HSPA 
9855, LTE
9877,GSM 
9877, HSPA 
9877, LTE
9876,GSM 
9876, HSPA 
9876, LTE
9718,GSM 
9718, HSPA 
9718, LTE
9597,GSM 
9597, HSPA 
9597, LTE
9542,GSM 
9542, HSPA 
9542, LTE
9482,GSM 
9482, HSPA 
9482, LTE
9470,GSM 
9470, HSPA 
9470, LTE
9360,GSM 
9360, HSPA
9325,GSM 
9325, HSPA
9314,GSM 
9314, HSPA 
9314, LTE
9307,GSM 
9307, HSPA 
9307, LTE
9302,GSM 
9302, HSPA
9301,GSM 
9301, HSPA
9277,GSM 
9277, HSPA
9254,GSM 
9254, HSPA
9253,GSM 
9253, HSPA 
9253, LTE
9223,GSM 
9223, HSPA 
9223, LTE
9184,GSM 
9184, HSPA
9165,GSM 
9165, HSPA 
9165, LTE
9154,GSM 
9154, HSPA 
9154, LTE
9146,GSM 
9146, HSPA
9131,GSM 
9131, HSPA 
9131, LTE
9072,GSM 
9072, HSPA 
9072, LTE
9064,GSM 
9064, HSPA 
9064, LTE
9063,GSM 
9063, HSPA 
9063, LTE
9007,GSM 
9007, HSPA
8835,GSM 
8835, HSPA 
8835, LTE
8621,GSM 
8621, HSPA 
8621, LTE
7892,GSM 
7892, HSPA
7558,GSM 
7558, HSPA 
7558, LTE
7523,GSM 
7523, HSPA
6928,GSM 
6928, HSPA
6927,GSM 
6927, HSPA
6925,GSM 
6925, HSPA
6924,GSM 
6924, HSPA
6900,GSM 
6900, HSPA 
6900, LTE
6899,GSM 
6899, HSPA 
6899, LTE
6838,GSM 
6838, HSPA
6835,GSM 
6835, HSPA
6669,GSM 
6669, HSPA
6565,GSM 
6565, HSPA
6567,GSM 
6567, HSPA
6406,GSM 
6406, HSPA
6405,GSM 
6405, HSPA
6346,GSM 
6346, HSPA
6330,GSM 
6330, HSPA
6277,GSM 
6277, HSPA
6276,GSM 
6276, HSPA
6244,GSM 
6244, HSPA
6243,GSM
6242,GSM 
6242, HSPA
6041,GSM 
6041, HSPA
5986,GSM 
5986, HSPA
5957,GSM 
5957, HSPA
5956,GSM 
5956, HSPA
5955,GSM 
5955, HSPA
5954,GSM 
5954, HSPA
5935,GSM 
5935, HSPA
5920,GSM 
5920, HSPA
5909,GSM 
5909, HSPA
5908,GSM 
5908, HSPA
5873,GSM 
5873, HSPA
5761,GSM 
5761, HSPA
5661,GSM 
5661, HSPA
5660,GSM 
5660, HSPA
5662,GSM
5593,GSM 
5593, HSPA
5489,GSM 
5489, HSPA
5458,GSM 
5458, HSPA
5459,GSM 
5459, HSPA
5460,GSM 
5460, HSPA
5411,GSM 
5411, HSPA
5360,GSM 
5360, HSPA
5358,GSM 
5358, HSPA
5359,GSM 
5359, HSPA
5295,GSM 
5295, HSPA
5282,GSM 
5282, HSPA
5281,GSM 
5281, HSPA
5209,GSM 
5209, HSPA
5208,GSM 
5208, HSPA
5206,GSM 
5206, HSPA
5205,No cellular connectivity
5202,GSM 
5202, HSPA
5201,No cellular connectivity
5023,GSM 
5023, HSPA
4947,GSM 
4947, HSPA
4946,GSM 
4946, HSPA
4901,GSM 
4901, HSPA
4370,GSM 
4370, HSPA
4224,GSM 
4224, HSPA
3548,GSM 
3548, HSPA
12454,GSM 
12454, HSPA 
12454, LTE
12269,GSM 
12269, HSPA 
12269, LTE 
12269, 5G
12522,GSM 
12522, HSPA 
12522, LTE
12523,GSM 
12523, HSPA 
12523, LTE
11948,GSM 
11948, HSPA 
11948, LTE
11642,GSM 
11642, HSPA 
11642, LTE 
11642, 5G
10790,GSM 
10790, HSPA 
10790, LTE
10681,GSM 
10681, HSPA 
10681, LTE 
10681, 5G
10529,GSM 
10529, HSPA 
10529, LTE
10594,GSM 
10594, HSPA 
10594, LTE
10357,GSM 
10357, HSPA 
10357, LTE
10593,GSM 
10593, HSPA 
10593, LTE
10592,GSM 
10592, HSPA 
10592, LTE
10595,GSM 
10595, HSPA 
10595, LTE
10297,GSM 
10297, HSPA 
10297, LTE
9965,GSM 
9965, HSPA 
9965, LTE
9924,GSM 
9924, HSPA 
9924, LTE
9797,GSM 
9797, HSPA 
9797, LTE
9735,GSM 
9735, HSPA 
9735, LTE
9734,GSM 
9734, HSPA 
9734, LTE
9487,GSM 
9487, HSPA 
9487, LTE
9179,GSM 
9179, HSPA 
9179, LTE
9119,GSM 
9119, HSPA 
9119, LTE
9102,GSM 
9102, HSPA 
9102, LTE
9071,GSM 
9071, HSPA 
9071, LTE
8990,GSM 
8990, HSPA 
8990, LTE
8908,GSM 
8908, HSPA 
8908, LTE
8885,GSM 
8885, HSPA 
8885, LTE
8630,GSM 
8630, HSPA 
8630, LTE
8519,GSM 
8519, HSPA 
8519, LTE
8518,GSM 
8518, HSPA 
8518, LTE
8404,GSM 
8404, HSPA 
8404, LTE
8444,GSM 
8444, HSPA 
8444, LTE
8277,GSM 
8277, HSPA 
8277, LTE
8884,GSM 
8884, HSPA 
8884, LTE
8297,GSM 
8297, HSPA 
8297, LTE
8276,GSM 
8276, HSPA 
8276, LTE
8633,GSM 
8633, CDMA 
8633, HSPA 
8633, EVDO 
8633, LTE
8128,GSM 
8128, HSPA 
8128, LTE
8086,GSM 
8086, HSPA 
8086, LTE
8066,GSM 
8066, HSPA 
8066, LTE
8072,GSM 
8072, HSPA 
8072, LTE
8031,GSM 
8031, HSPA 
8031, LTE
7884,GSM 
7884, HSPA 
7884, LTE
7942,GSM 
7942, HSPA 
7942, LTE
7941,GSM 
7941, CDMA 
7941, HSPA 
7941, LTE
7940,GSM 
7940, HSPA 
7940, LTE
8348,GSM 
8348, HSPA 
8348, LTE
7836,GSM 
7836, HSPA 
7836, LTE
7758,GSM 
7758, HSPA 
7758, LTE
7731,GSM 
7731, CDMA 
7731, HSPA 
7731, LTE
7753,GSM 
7753, CDMA 
7753, HSPA 
7753, EVDO 
7753, LTE
7627,GSM 
7627, HSPA 
7627, LTE
7592,GSM 
7592, HSPA 
7592, LTE
7591,GSM 
7591, HSPA 
7591, LTE
7576,GSM 
7576, HSPA 
7576, LTE
7418,GSM 
7418, HSPA 
7418, LTE
7419,GSM 
7419, HSPA 
7419, LTE
7275,GSM 
7275, HSPA 
7275, LTE
7267,GSM 
7267, HSPA
7194,GSM 
7194, HSPA
6977,GSM 
6977, HSPA 
6977, LTE
7165,GSM 
7165, HSPA 
7165, LTE
7111,GSM 
7111, HSPA 
7111, LTE
7310,GSM 
7310, HSPA 
7310, LTE
6891,GSM 
6891, HSPA 
6891, LTE
7115,GSM 
7115, HSPA 
7115, LTE
7183,GSM 
7183, HSPA
6968,GSM 
6968, HSPA 
6968, LTE
6947,GSM 
6947, HSPA
6921,GSM 
6921, HSPA 
6921, LTE
6913,GSM 
6913, HSPA
6841,GSM 
6841, HSPA
6830,GSM 
6830, HSPA 
6830, LTE
6736,GSM 
6736, HSPA
6713,GSM 
6713, HSPA 
6713, LTE
6715,GSM 
6715, HSPA 
6715, LTE
6719,GSM 
6719, CDMA 
6719, EVDO 
6719, LTE
6854,GSM 
6854, HSPA 
6854, LTE
6637,GSM 
6637, HSPA 
6637, LTE
6636,GSM 
6636, HSPA 
6636, LTE
6621,GSM 
6621, CDMA 
6621, HSPA 
6621, EVDO 
6621, LTE
6608,GSM 
6608, CDMA 
6608, HSPA 
6608, LTE
6589,GSM 
6589, HSPA 
6589, LTE
6588,GSM 
6588, CDMA 
6588, HSPA 
6588, EVDO
6581,GSM 
6581, HSPA 
6581, LTE
6528,GSM 
6528, HSPA 
6528, EVDO 
6528, LTE
6483,GSM 
6483, HSPA 
6483, LTE
6463,GSM 
6463, HSPA
6397,GSM 
6397, HSPA 
6397, LTE
6345,GSM 
6345, HSPA 
6345, LTE
6234,GSM 
6234, HSPA
6316,GSM 
6316, HSPA
6233,GSM 
6233, CDMA 
6233, HSPA 
6233, EVDO 
6233, LTE
6074,GSM 
6074, HSPA 
6074, LTE
6009,GSM 
6009, HSPA
6487,GSM 
6487, HSPA
6073,GSM 
6073, HSPA 
6073, LTE
6160,GSM 
6160, HSPA 
6160, LTE
5907,GSM 
5907, HSPA
6552,GSM 
6552, CDMA 
6552, HSPA
5870,GSM 
5870, HSPA
5871,GSM 
5871, HSPA
5704,GSM 
5704, CDMA 
5704, HSPA 
5704, LTE
5666,GSM 
5666, HSPA
5667,GSM 
5667, HSPA 
5667, LTE
5623,GSM 
5623, HSPA
5505,GSM 
5505, HSPA 
5505, LTE
5547,CDMA 
5547, EVDO 
5547, LTE
5537,GSM 
5537, HSPA 
5537, LTE
5536,GSM 
5536, HSPA
5465,GSM 
5465, HSPA
5395,GSM 
5395, HSPA 
5395, LTE
5498,GSM 
5498, HSPA
5313,GSM 
5313, HSPA 
5313, LTE
5261,GSM 
5261, HSPA
5118,GSM 
5118, HSPA 
5118, LTE
5113,GSM 
5113, CDMA 
5113, HSPA 
5113, EVDO 
5113, LTE
5106,CDMA 
5106, EVDO 
5106, LTE
5105,GSM 
5105, HSPA 
5105, LTE
5100,GSM 
5100, HSPA
5016,GSM 
5016, HSPA 
5016, LTE
4976,GSM 
4976, HSPA 
4976, LTE
5104,GSM 
5104, CDMA 
5104, HSPA 
5104, EVDO 
5104, LTE
4975,GSM 
4975, HSPA 
4975, LTE
5000,GSM 
5000, HSPA
4980,GSM
4979,GSM 
4979, CDMA 
4979, EVDO
4951,GSM 
4951, HSPA
4830,GSM 
4830, HSPA
5861,GSM 
5861, CDMA 
5861, EVDO
4829,GSM 
4829, CDMA 
4829, EVDO
4805,GSM 
4805, HSPA
4759,GSM 
4759, HSPA
4997,GSM 
4997, CDMA 
4997, HSPA
4744,CDMA 
4744, HSPA 
4744, EVDO 
4744, LTE
4665,CDMA 
4665, EVDO 
4665, LTE
4977,GSM 
4977, CDMA 
4977, EVDO
4320,GSM 
4320, HSPA
4614,GSM 
4614, HSPA 
4614, LTE
4572,GSM 
4572, HSPA 
4572, LTE
4836,GSM 
4836, HSPA
4574,GSM 
4574, HSPA
4575,GSM 
4575, HSPA
4525,GSM 
4525, HSPA 
4525, LTE
4435,GSM 
4435, HSPA 
4435, LTE
4099,CDMA 
4099, EVDO 
4099, LTE
4302,GSM 
4302, HSPA 
4302, LTE
4202,GSM 
4202, CDMA 
4202, HSPA 
4202, EVDO
4161,GSM 
4161, HSPA
4102,GSM 
4102, HSPA
4097,GSM 
4097, HSPA
3958,GSM 
3958, CDMA 
3958, HSPA 
3958, EVDO 
3958, LTE
4132,GSM 
4132, HSPA
4285,GSM 
4285, CDMA 
4285, EVDO
4196,CDMA 
4196, EVDO
4164,GSM 
4164, HSPA
4027,GSM 
4027, HSPA
4131,GSM 
4131, HSPA
4070,GSM 
4070, HSPA
4022,GSM 
4022, HSPA
3964,GSM 
3964, CDMA 
3964, HSPA 
3964, EVDO
3938,GSM 
3938, CDMA 
3938, HSPA 
3938, EVDO
3922,GSM 
3922, HSPA
3901,GSM 
3901, HSPA
3875,GSM 
3875, HSPA
3895,CDMA 
3895, EVDO
3887,GSM 
3887, HSPA
3739,GSM 
3739, CDMA 
3739, HSPA 
3739, EVDO
3788,GSM 
3788, HSPA
3776,GSM 
3776, HSPA
3777,GSM 
3777, HSPA
3786,GSM 
3786, HSPA
3787,GSM 
3787, HSPA
3829,GSM 
3829, HSPA
3953,No cellular connectivity
3896,CDMA 
3896, EVDO
3706,GSM 
3706, HSPA
3703,CDMA 
3703, EVDO 
3703, LTE
3702,CDMA 
3702, EVDO
3585,GSM 
3585, HSPA
3338,GSM 
3338, HSPA
3576,GSM 
3576, HSPA
3557,GSM 
3557, HSPA
3530,GSM 
3530, HSPA
3118,GSM 
3118, HSPA
3556,CDMA 
3556, EVDO
3468,GSM 
3468, HSPA
3421,GSM 
3421, HSPA
5058,GSM 
5058, HSPA
3392,GSM 
3392, HSPA
3577,CDMA 
3577, EVDO
3337,GSM 
3337, HSPA
3163,GSM 
3163, HSPA
3077,GSM 
3077, HSPA
3141,GSM 
3141, HSPA
3069,GSM 
3069, HSPA
3427,CDMA 
3427, EVDO
12720,GSM 
12720, HSPA 
12720, LTE
12648,GSM 
12648, CDMA 
12648, HSPA 
12648, CDMA2000 
12648, LTE
12585,GSM 
12585, CDMA 
12585, HSPA 
12585, CDMA2000 
12585, LTE 
12585, 5G
12530,GSM 
12530, CDMA 
12530, HSPA 
12530, CDMA2000 
12530, LTE 
12530, 5G
12259,GSM 
12259, HSPA 
12259, LTE
12020,GSM 
12020, HSPA 
12020, LTE
11918,GSM 
11918, HSPA 
11918, LTE
11858,GSM 
11858, CDMA 
11858, HSPA 
11858, CDMA2000 
11858, LTE
11856,GSM 
11856, CDMA 
11856, HSPA 
11856, CDMA2000 
11856, LTE
11641,GSM 
11641, CDMA 
11641, HSPA 
11641, LTE
11489,GSM 
11489, HSPA 
11489, LTE
11247,GSM 
11247, CDMA 
11247, HSPA 
11247, LTE
11328,GSM 
11328, HSPA 
11328, LTE
11177,GSM 
11177, HSPA 
11177, LTE
11120,GSM 
11120, CDMA 
11120, HSPA 
11120, LTE
11121,GSM 
11121, CDMA 
11121, HSPA 
11121, LTE
11048,GSM 
11048, HSPA 
11048, LTE
11030,GSM 
11030, CDMA 
11030, HSPA 
11030, LTE
10755,GSM 
10755, HSPA 
10755, LTE
10642,GSM 
10642, CDMA 
10642, HSPA 
10642, LTE 
10642, 5G
10645,GSM 
10645, CDMA 
10645, HSPA 
10645, LTE 
10645, 5G
10652,GSM 
10652, CDMA 
10652, HSPA 
10652, EVDO 
10652, LTE
10579,GSM 
10579, CDMA 
10579, HSPA 
10579, LTE 
10579, 5G
10551,GSM 
10551, HSPA 
10551, LTE 
10551, 5G
10550,GSM 
10550, HSPA 
10550, LTE 
10550, 5G
10555,GSM 
10555, HSPA 
10555, LTE 
10555, 5G
10519,GSM 
10519, CDMA 
10519, HSPA 
10519, LTE 
10519, 5G
10546,GSM 
10546, HSPA 
10546, LTE
10475,GSM 
10475, HSPA 
10475, LTE
10429,GSM 
10429, HSPA 
10429, LTE
10417,GSM 
10417, HSPA 
10417, LTE 
10417, 5G
10418,GSM 
10418, CDMA 
10418, HSPA 
10418, EVDO 
10418, LTE 
10418, 5G
10299,GSM 
10299, HSPA 
10299, LTE 
10299, 5G
10252,GSM 
10252, HSPA 
10252, LTE 
10252, 5G
10292,GSM 
10292, HSPA 
10292, LTE
10249,GSM 
10249, HSPA 
10249, LTE
10236,GSM 
10236, HSPA 
10236, LTE 
10236, 5G
10219,GSM 
10219, HSPA 
10219, LTE
10231,GSM 
10231, HSPA 
10231, LTE
10227,GSM 
10227, HSPA 
10227, LTE
10222,GSM 
10222, HSPA 
10222, LTE
10223,GSM 
10223, HSPA 
10223, LTE
10212,GSM 
10212, HSPA 
10212, LTE
10203,GSM 
10203, CDMA 
10203, HSPA 
10203, LTE 
10203, 5G
10204,GSM 
10204, CDMA 
10204, HSPA 
10204, LTE 
10204, 5G
10205,GSM 
10205, CDMA 
10205, HSPA 
10205, LTE 
10205, 5G
11010,GSM 
11010, HSPA 
11010, LTE
10153,GSM 
10153, HSPA 
10153, LTE 
10153, 5G
10112,GSM 
10112, HSPA 
10112, LTE
10073,GSM 
10073, HSPA 
10073, LTE
10074,GSM 
10074, HSPA 
10074, LTE
10012,GSM 
10012, HSPA 
10012, LTE
9799,GSM 
9799, HSPA 
9799, LTE
9956,GSM 
9956, HSPA 
9956, LTE
9922,GSM 
9922, CDMA 
9922, HSPA 
9922, LTE
9933,GSM 
9933, CDMA 
9933, HSPA 
9933, LTE
9905,GSM 
9905, CDMA 
9905, HSPA 
9905, EVDO 
9905, LTE
9887,GSM 
9887, HSPA 
9887, LTE 
9887, 5G
9880,GSM 
9880, HSPA 
9880, LTE 
9880, 5G
9885,GSM 
9885, HSPA 
9885, LTE
9881,GSM 
9881, HSPA 
9881, LTE 
9881, 5G
9886,GSM 
9886, HSPA 
9886, LTE
9765,GSM 
9765, CDMA 
9765, HSPA 
9765, LTE
9830,GSM 
9830, CDMA 
9830, HSPA 
9830, EVDO 
9830, LTE
9803,GSM 
9803, HSPA 
9803, LTE
9823,GSM 
9823, CDMA 
9823, HSPA 
9823, LTE
9747,GSM 
9747, HSPA 
9747, LTE
9746,GSM 
9746, CDMA 
9746, HSPA 
9746, LTE
9728,GSM 
9728, CDMA 
9728, HSPA 
9728, LTE
9742,GSM 
9742, HSPA 
9742, LTE
9694,GSM 
9694, HSPA 
9694, LTE
9705,GSM 
9705, HSPA 
9705, LTE 
9705, 5G
9635,GSM 
9635, HSPA 
9635, LTE
9530,GSM 
9530, HSPA 
9530, LTE
9545,GSM 
9545, HSPA 
9545, LTE
9627,GSM 
9627, HSPA 
9627, LTE
9675,GSM 
9675, HSPA 
9675, LTE
9645,GSM 
9645, CDMA 
9645, HSPA 
9645, LTE
9644,GSM 
9644, CDMA 
9644, HSPA 
9644, LTE
9643,GSM 
9643, HSPA 
9643, LTE
9668,GSM 
9668, HSPA 
9668, LTE
9576,GSM 
9576, HSPA 
9576, LTE
9620,GSM 
9620, HSPA 
9620, LTE
9625,GSM 
9625, HSPA 
9625, LTE
9531,GSM 
9531, HSPA 
9531, LTE
9500,GSM 
9500, HSPA 
9500, LTE
9501,GSM 
9501, HSPA 
9501, LTE
9409,GSM 
9409, HSPA 
9409, LTE
9466,GSM 
9466, CDMA 
9466, HSPA 
9466, LTE
9368,GSM 
9368, HSPA 
9368, LTE
9369,GSM 
9369, HSPA 
9369, LTE
9343,GSM 
9343, HSPA 
9343, LTE
9367,GSM 
9367, HSPA 
9367, LTE
9324,GSM 
9324, HSPA 
9324, LTE
9284,GSM 
9284, HSPA 
9284, LTE
9272,GSM 
9272, HSPA 
9272, LTE
9632,GSM 
9632, HSPA 
9632, LTE
9267,GSM 
9267, CDMA 
9267, HSPA 
9267, LTE
9209,GSM 
9209, HSPA 
9209, LTE
9196,GSM 
9196, HSPA 
9196, LTE
9502,GSM 
9502, HSPA 
9502, LTE
9162,GSM 
9162, HSPA 
9162, LTE
9141,GSM 
9141, HSPA 
9141, LTE
9106,GSM 
9106, HSPA 
9106, LTE
9107,GSM 
9107, HSPA 
9107, LTE
9098,GSM 
9098, HSPA 
9098, LTE
9188,GSM 
9188, HSPA 
9188, LTE
9114,GSM 
9114, HSPA 
9114, LTE
9265,GSM 
9265, HSPA 
9265, LTE
9112,GSM 
9112, HSPA 
9112, LTE
9092,GSM 
9092, HSPA 
9092, LTE
8961,GSM 
8961, HSPA 
8961, LTE
8943,GSM 
8943, HSPA 
8943, LTE
8899,GSM 
8899, HSPA 
8899, LTE
8854,GSM 
8854, HSPA 
8854, LTE
8877,GSM 
8877, HSPA 
8877, LTE
8857,GSM 
8857, HSPA 
8857, LTE
8833,GSM 
8833, HSPA 
8833, LTE
8632,GSM 
8632, HSPA 
8632, LTE
8715,GSM 
8715, CDMA 
8715, HSPA 
8715, LTE
8637,GSM 
8637, HSPA 
8637, LTE
8703,GSM 
8703, HSPA 
8703, LTE
8672,GSM 
8672, CDMA 
8672, HSPA 
8672, LTE
8663,GSM 
8663, HSPA 
8663, LTE
8578,GSM 
8578, HSPA 
8578, LTE
8635,No cellular connectivity
8687,GSM 
8687, HSPA 
8687, LTE
8695,GSM 
8695, HSPA 
8695, LTE
8640,GSM 
8640, HSPA 
8640, LTE
8686,GSM 
8686, HSPA 
8686, LTE
8515,GSM 
8515, HSPA 
8515, LTE
8514,GSM 
8514, HSPA 
8514, LTE
8598,GSM 
8598, HSPA 
8598, LTE
8516,GSM 
8516, HSPA 
8516, LTE
8458,GSM 
8458, HSPA 
8458, LTE
8396,GSM 
8396, HSPA 
8396, LTE
8415,GSM 
8415, CDMA 
8415, HSPA 
8415, EVDO 
8415, LTE
8073,GSM 
8073, CDMA 
8073, HSPA 
8073, EVDO 
8073, LTE
8402,GSM 
8402, HSPA 
8402, LTE
8315,GSM 
8315, HSPA 
8315, LTE
8312,GSM 
8312, HSPA 
8312, LTE
8284,GSM 
8284, HSPA 
8284, LTE
8302,GSM 
8302, HSPA 
8302, LTE
8301,GSM 
8301, HSPA 
8301, LTE
8285,GSM 
8285, HSPA 
8285, LTE
8138,GSM 
8138, HSPA
8084,GSM 
8084, HSPA 
8084, LTE
8037,GSM 
8037, HSPA 
8037, LTE
8036,GSM 
8036, HSPA 
8036, LTE
7983,GSM 
7983, HSPA 
7983, LTE
7745,GSM 
7745, HSPA 
7745, LTE
7972,GSM 
7972, HSPA 
7972, LTE
7793,GSM 
7793, HSPA 
7793, LTE
7239,GSM 
7239, HSPA 
7239, LTE
7744,GSM 
7744, HSPA 
7744, LTE
7647,GSM 
7647, HSPA 
7647, LTE
7588,GSM 
7588, CDMA 
7588, HSPA 
7588, LTE
7533,GSM 
7533, HSPA 
7533, LTE
7440,GSM 
7440, HSPA 
7440, EVDO 
7440, LTE
7309,GSM 
7309, HSPA 
7309, LTE
7829,GSM 
7829, HSPA 
7829, LTE
7206,GSM 
7206, HSPA
7279,GSM 
7279, HSPA 
7279, LTE
7201,GSM 
7201, HSPA 
7201, LTE
7200,GSM 
7200, HSPA 
7200, LTE
7006,GSM 
7006, HSPA 
7006, LTE
7187,GSM 
7187, HSPA 
7187, LTE
7075,GSM 
7075, HSPA 
7075, LTE
7076,GSM 
7076, HSPA 
7076, LTE
7077,GSM 
7077, HSPA
6909,GSM 
6909, HSPA
6908,GSM 
6908, HSPA
6896,GSM 
6896, CDMA 
6896, EVDO 
6896, LTE
6869,GSM 
6869, HSPA 
6869, LTE
7308,GSM 
7308, HSPA 
7308, LTE
6705,GSM 
6705, HSPA
6677,GSM 
6677, HSPA 
6677, LTE
6676,GSM 
6676, HSPA 
6676, LTE
6646,GSM 
6646, HSPA 
6646, LTE
6543,GSM 
6543, HSPA 
6543, LTE
6678,GSM 
6678, HSPA 
6678, LTE
6499,GSM 
6499, HSPA
6493,GSM 
6493, HSPA
6124,GSM 
6124, HSPA 
6124, LTE
6332,GSM 
6332, HSPA 
6332, LTE
6290,GSM 
6290, HSPA
6278,GSM 
6278, HSPA
6168,GSM 
6168, HSPA 
6168, LTE
6136,GSM 
6136, HSPA
6137,GSM 
6137, HSPA 
6137, LTE
6129,GSM 
6129, HSPA 
6129, LTE
6103,GSM 
6103, HSPA
5981,GSM 
5981, HSPA
5979,GSM 
5979, HSPA
5949,GSM 
5949, HSPA 
5949, LTE
5936,GSM 
5936, HSPA
5921,GSM 
5921, HSPA
5840,GSM 
5840, HSPA 
5840, LTE
5910,GSM 
5910, HSPA
5485,GSM 
5485, HSPA
5633,GSM 
5633, HSPA
5699,GSM 
5699, HSPA
5632,GSM 
5632, HSPA
5698,GSM 
5698, HSPA
5539,GSM 
5539, HSPA
5467,GSM 
5467, HSPA 
5467, EVDO
5386,GSM 
5386, HSPA
5382,CDMA 
5382, LTE
5365,GSM 
5365, HSPA
5267,GSM 
5267, HSPA 
5267, LTE
5257,GSM 
5257, HSPA
5327,GSM 
5327, HSPA 
5327, LTE
5648,GSM 
5648, HSPA
5439,GSM 
5439, HSPA
5065,GSM 
5065, HSPA
5237,GSM 
5237, HSPA
5164,GSM 
5164, HSPA
5250,GSM 
5250, HSPA
5141,GSM 
5141, HSPA
5112,GSM 
5112, HSPA
5077,CDMA 
5077, EVDO
5068,GSM 
5068, HSPA
5022,GSM 
5022, HSPA 
5022, LTE
5020,GSM 
5020, HSPA
4963,GSM 
4963, HSPA
4966,GSM 
4966, HSPA
4882,GSM 
4882, HSPA
4839,GSM 
4839, HSPA
4838,GSM 
4838, HSPA
5383,GSM 
5383, HSPA
4594,GSM 
4594, HSPA
4410,GSM 
4410, HSPA
5002,GSM 
5002, HSPA
4570,GSM 
4570, HSPA
4569,GSM 
4569, HSPA
4568,GSM 
4568, HSPA
4409,GSM 
4409, HSPA
4381,CDMA 
4381, EVDO
4264,GSM 
4264, HSPA
4265,No cellular connectivity
4260,GSM 
4260, HSPA
4234,GSM 
4234, HSPA
4109,GSM 
4109, HSPA
4057,CDMA 
4057, EVDO
4226,GSM 
4226, HSPA
4204,GSM 
4204, HSPA
3789,GSM 
3789, HSPA
3595,GSM 
3595, HSPA
3596,GSM 
3596, HSPA
3840,GSM 
3840, HSPA
3513,GSM 
3513, HSPA
3451,GSM 
3451, HSPA
11924,GSM 
11924, HSPA 
11924, LTE
11822,GSM 
11822, HSPA 
11822, LTE
11498,GSM 
11498, HSPA 
11498, LTE
11473,GSM 
11473, HSPA 
11473, LTE
12476,No cellular connectivity
12052,GSM 
12052, HSPA 
12052, LTE
12521,GSM 
12521, HSPA 
12521, LTE
11747,GSM 
11747, CDMA 
11747, HSPA 
11747, CDMA2000 
11747, LTE 
11747, 5G
11394,GSM 
11394, HSPA 
11394, LTE
12008,GSM 
12008, HSPA 
12008, LTE
10972,GSM 
10972, HSPA 
10972, LTE
10992,GSM 
10992, HSPA 
10992, LTE
10970,GSM 
10970, HSPA 
10970, LTE
10630,GSM 
10630, HSPA 
10630, LTE
10733,GSM 
10733, HSPA 
10733, LTE
10406,GSM 
10406, HSPA 
10406, LTE
10329,GSM 
10329, HSPA 
10329, LTE 
10329, 5G
9821,GSM 
9821, CDMA 
9821, HSPA 
9821, LTE
9822,GSM 
9822, HSPA 
9822, LTE
9826,GSM 
9826, HSPA 
9826, LTE
9825,GSM 
9825, HSPA 
9825, LTE
9824,GSM 
9824, HSPA 
9824, LTE
9757,GSM 
9757, CDMA 
9757, HSPA 
9757, LTE
9754,GSM 
9754, CDMA 
9754, HSPA 
9754, LTE 
9754, 5G
9711,GSM 
9711, CDMA 
9711, HSPA 
9711, LTE
9671,GSM 
9671, CDMA 
9671, HSPA 
9671, LTE
9655,GSM 
9655, CDMA 
9655, HSPA 
9655, LTE
9609,GSM 
9609, HSPA 
9609, LTE
9490,GSM 
9490, CDMA 
9490, HSPA 
9490, LTE
9436,GSM 
9436, CDMA 
9436, HSPA 
9436, LTE
9489,GSM 
9489, CDMA 
9489, HSPA 
9489, LTE
9349,GSM 
9349, CDMA 
9349, HSPA 
9349, LTE
9375,GSM 
9375, CDMA 
9375, HSPA 
9375, LTE
9374,GSM 
9374, CDMA 
9374, HSPA 
9374, LTE
9371,GSM 
9371, HSPA 
9371, LTE
9222,GSM 
9222, CDMA 
9222, HSPA 
9222, LTE
9226,GSM 
9226, HSPA 
9226, LTE
9225,GSM 
9225, HSPA 
9225, LTE
9144,GSM 
9144, CDMA 
9144, HSPA 
9144, LTE
9143,GSM 
9143, CDMA 
9143, HSPA 
9143, LTE
9116,GSM 
9116, HSPA 
9116, LTE
8973,GSM 
8973, HSPA 
8973, LTE
8942,GSM 
8942, HSPA 
8942, LTE
8941,GSM 
8941, HSPA 
8941, LTE
8834,GSM 
8834, HSPA 
8834, LTE
8850,GSM 
8850, HSPA 
8850, LTE
8794,GSM 
8794, HSPA 
8794, LTE
8603,GSM 
8603, CDMA 
8603, HSPA 
8603, LTE
8602,GSM 
8602, CDMA 
8602, HSPA 
8602, LTE
8559,GSM 
8559, HSPA 
8559, LTE
8423,GSM 
8423, HSPA 
8423, LTE
8376,GSM 
8376, HSPA 
8376, LTE
8375,GSM 
8375, HSPA 
8375, LTE
8506,GSM 
8506, HSPA 
8506, LTE
8320,GSM 
8320, HSPA
8319,GSM 
8319, HSPA 
8319, LTE
8318,GSM 
8318, HSPA 
8318, LTE
8317,GSM 
8317, HSPA 
8317, LTE
8316,GSM 
8316, HSPA 
8316, LTE
8208,GSM 
8208, HSPA
8193,GSM 
8193, HSPA 
8193, LTE
8147,GSM 
8147, HSPA 
8147, LTE
8146,GSM 
8146, HSPA 
8146, LTE
8145,GSM 
8145, HSPA 
8145, LTE
8125,GSM 
8125, CDMA 
8125, HSPA 
8125, LTE
8101,GSM 
8101, HSPA 
8101, LTE
8038,GSM 
8038, CDMA 
8038, HSPA 
8038, LTE
7952,GSM 
7952, HSPA 
7952, LTE
7951,GSM 
7951, HSPA 
7951, LTE
7947,GSM 
7947, HSPA 
7947, LTE
7946,GSM 
7946, HSPA 
7946, LTE
7939,GSM 
7939, HSPA 
7939, LTE
7918,GSM 
7918, HSPA 
7918, LTE
7878,GSM 
7878, HSPA 
7878, LTE
7865,GSM 
7865, HSPA 
7865, LTE
7850,GSM 
7850, HSPA 
7850, LTE
7802,GSM 
7802, HSPA 
7802, LTE
7755,GSM 
7755, HSPA 
7755, LTE
7742,GSM 
7742, HSPA 
7742, LTE
7605,GSM 
7605, HSPA
8142,GSM 
8142, HSPA 
8142, LTE
7557,GSM 
7557, HSPA 
7557, LTE
7539,GSM 
7539, HSPA 
7539, LTE
7711,GSM 
7711, HSPA 
7711, LTE
7552,GSM 
7552, HSPA 
7552, LTE
7540,GSM 
7540, HSPA 
7540, LTE
7354,GSM 
7354, HSPA 
7354, LTE
7511,GSM 
7511, CDMA 
7511, HSPA 
7511, LTE
7507,GSM 
7507, HSPA 
7507, LTE
8043,GSM 
8043, HSPA 
8043, LTE
7233,GSM 
7233, HSPA 
7233, LTE
7214,GSM 
7214, HSPA 
7214, LTE
7197,GSM 
7197, HSPA 
7197, LTE
7192,GSM 
7192, HSPA
7147,GSM 
7147, HSPA 
7147, LTE
7046,GSM 
7046, HSPA 
7046, LTE
7886,GSM 
7886, HSPA 
7886, LTE
7088,GSM 
7088, HSPA 
7088, LTE
7167,GSM 
7167, HSPA
7090,GSM 
7090, HSPA 
7090, LTE
7063,GSM 
7063, HSPA 
7063, LTE
6956,GSM 
6956, HSPA
8185,No cellular connectivity
6955,No cellular connectivity
6938,GSM 
6938, HSPA 
6938, LTE
6920,GSM 
6920, HSPA 
6920, LTE
6919,GSM 
6919, HSPA 
6919, LTE
6848,GSM 
6848, LTE
6842,GSM 
6842, HSPA 
6842, LTE
6855,GSM 
6855, HSPA 
6855, LTE
6789,GSM 
6789, HSPA
6788,GSM 
6788, HSPA 
6788, LTE
6787,GSM 
6787, HSPA
6739,GSM 
6739, HSPA 
6739, LTE
6746,GSM 
6746, HSPA 
6746, LTE
6730,GSM 
6730, HSPA
6681,GSM 
6681, HSPA 
6681, LTE
6643,GSM 
6643, HSPA 
6643, LTE
6642,GSM 
6642, HSPA 
6642, LTE
6595,GSM 
6595, HSPA
6396,GSM 
6396, HSPA 
6396, LTE
6529,GSM 
6529, HSPA 
6529, LTE
6293,GSM
6370,GSM 
6370, HSPA
6673,GSM 
6673, HSPA
6369,GSM 
6369, HSPA
6368,GSM 
6368, HSPA
6296,GSM 
6296, HSPA
6674,GSM 
6674, HSPA
6283,GSM 
6283, HSPA
6281,GSM 
6281, HSPA
6280,GSM 
6280, HSPA
6279,GSM
6159,GSM 
6159, HSPA
6158,GSM 
6158, HSPA
6157,GSM 
6157, HSPA
6047,GSM 
6047, HSPA
5934,GSM 
5934, HSPA
5894,GSM 
5894, HSPA
5893,GSM 
5893, HSPA
5843,GSM 
5843, HSPA 
5843, LTE
5830,GSM 
5830, HSPA
5851,GSM 
5851, HSPA
5684,GSM 
5684, HSPA
5683,GSM 
5683, HSPA
5689,GSM 
5689, HSPA
5612,GSM 
5612, HSPA
5544,GSM 
5544, HSPA
5486,GSM 
5486, HSPA
5450,GSM 
5450, HSPA
5850,GSM 
5850, HSPA
5385,GSM 
5385, HSPA
5353,GSM 
5353, HSPA
5352,No cellular connectivity
5241,GSM 
5241, HSPA
5244,GSM 
5244, HSPA
5247,GSM 
5247, HSPA
5463,GSM 
5463, HSPA
5462,GSM 
5462, HSPA
5245,GSM 
5245, HSPA
5333,GSM 
5333, HSPA
5246,GSM 
5246, HSPA
5243,GSM 
5243, HSPA
5140,GSM 
5140, HSPA
5095,GSM 
5095, HSPA
5094,GSM 
5094, HSPA
5060,GSM 
5060, HSPA
4985,GSM 
4985, HSPA
4956,GSM 
4956, HSPA
4911,GSM 
4911, HSPA
4424,GSM 
4424, HSPA
4445,GSM 
4445, HSPA
10742,GSM 
10742, HSPA 
10742, LTE
10743,GSM 
10743, HSPA 
10743, LTE
10744,GSM 
10744, HSPA 
10744, LTE
10585,GSM 
10585, HSPA 
10585, LTE
10586,GSM 
10586, HSPA 
10586, LTE
10564,GSM 
10564, HSPA 
10564, LTE 
10564, 5G
10464,GSM 
10464, HSPA 
10464, LTE
10558,GSM 
10558, HSPA 
10558, LTE
10463,GSM 
10463, HSPA 
10463, LTE
10459,GSM 
10459, HSPA 
10459, LTE
10597,GSM 
10597, HSPA 
10597, LTE
10368,GSM 
10368, HSPA 
10368, LTE 
10368, 5G
10451,GSM 
10451, HSPA 
10451, LTE
10382,GSM 
10382, CDMA 
10382, HSPA 
10382, LTE
10090,GSM 
10090, HSPA 
10090, LTE
10088,GSM 
10088, HSPA 
10088, LTE
10087,GSM 
10087, HSPA 
10087, LTE
10086,GSM 
10086, HSPA 
10086, LTE
9906,GSM 
9906, CDMA 
9906, HSPA 
9906, EVDO 
9906, LTE 
9906, 5G
9844,GSM 
9844, CDMA 
9844, HSPA 
9844, EVDO 
9844, LTE
9827,GSM 
9827, HSPA 
9827, LTE
9828,GSM 
9828, HSPA 
9828, LTE
9805,GSM 
9805, HSPA 
9805, LTE
9804,GSM 
9804, HSPA 
9804, LTE
9753,GSM 
9753, HSPA 
9753, LTE
9752,GSM 
9752, HSPA 
9752, LTE
9751,GSM 
9751, HSPA 
9751, LTE
9758,GSM 
9758, HSPA 
9758, LTE
9607,GSM 
9607, CDMA 
9607, HSPA 
9607, EVDO 
9607, LTE 
9607, 5G
9540,GSM 
9540, CDMA 
9540, HSPA 
9540, EVDO 
9540, LTE
9585,GSM 
9585, HSPA 
9585, LTE
9586,GSM 
9586, HSPA 
9586, LTE
9587,GSM 
9587, HSPA 
9587, LTE
9411,GSM 
9411, HSPA 
9411, LTE
9300,GSM 
9300, CDMA 
9300, HSPA 
9300, EVDO 
9300, LTE
9544,GSM 
9544, CDMA 
9544, HSPA 
9544, LTE
9309,GSM 
9309, HSPA 
9309, LTE
9305,GSM 
9305, HSPA 
9305, LTE
9304,GSM 
9304, HSPA 
9304, LTE
9285,GSM 
9285, HSPA 
9285, LTE
9278,GSM 
9278, HSPA 
9278, LTE
9251,GSM 
9251, HSPA 
9251, LTE
9228,GSM 
9228, HSPA 
9228, LTE
9191,GSM 
9191, HSPA 
9191, LTE
9206,GSM 
9206, HSPA 
9206, LTE
9115,GSM 
9115, CDMA 
9115, HSPA 
9115, LTE
9090,GSM 
9090, HSPA 
9090, LTE
9122,GSM 
9122, CDMA 
9122, HSPA 
9122, EVDO 
9122, LTE
10072,GSM 
10072, HSPA 
10072, LTE
9190,GSM 
9190, HSPA 
9190, LTE
9074,GSM 
9074, HSPA 
9074, LTE
9073,GSM 
9073, HSPA 
9073, LTE
9047,GSM 
9047, HSPA 
9047, LTE
9006,GSM 
9006, HSPA 
9006, LTE
8712,GSM 
8712, HSPA 
8712, LTE
8781,GSM 
8781, HSPA 
8781, LTE
8756,GSM 
8756, HSPA 
8756, LTE
8780,GSM 
8780, HSPA 
8780, LTE
8696,GSM 
8696, HSPA 
8696, LTE
8466,GSM 
8466, HSPA 
8466, LTE
8584,GSM 
8584, HSPA 
8584, LTE
8694,GSM 
8694, HSPA 
8694, LTE
8492,GSM 
8492, CDMA 
8492, HSPA 
8492, LTE
8679,GSM 
8679, HSPA 
8679, LTE
8678,GSM 
8678, CDMA 
8678, HSPA 
8678, EVDO 
8678, LTE
8491,GSM 
8491, HSPA 
8491, LTE
8490,GSM 
8490, HSPA 
8490, LTE
8817,GSM 
8817, HSPA 
8817, LTE
8489,GSM 
8489, HSPA 
8489, LTE
8488,GSM 
8488, HSPA 
8488, LTE
8238,GSM 
8238, HSPA 
8238, LTE
8184,GSM 
8184, HSPA 
8184, LTE
8183,GSM 
8183, HSPA 
8183, LTE
8159,GSM 
8159, HSPA 
8159, LTE
8158,GSM 
8158, HSPA 
8158, LTE
8081,GSM 
8081, HSPA 
8081, LTE
8133,GSM 
8133, CDMA 
8133, HSPA 
8133, EVDO 
8133, LTE
8132,GSM 
8132, HSPA 
8132, LTE
8079,GSM 
8079, HSPA 
8079, LTE
8085,GSM 
8085, CDMA 
8085, HSPA 
8085, EVDO 
8085, LTE
7980,GSM 
7980, HSPA 
7980, LTE
8269,GSM 
8269, CDMA 
8269, HSPA 
8269, EVDO 
8269, LTE
8056,GSM 
8056, HSPA 
8056, LTE
7815,GSM 
7815, CDMA 
7815, HSPA 
7815, LTE
7977,GSM 
7977, HSPA 
7977, LTE
7976,GSM 
7976, HSPA 
7976, LTE
7927,GSM 
7927, HSPA 
7927, LTE
7926,GSM 
7926, HSPA 
7926, LTE
7849,GSM 
7849, HSPA 
7849, LTE
7848,GSM 
7848, CDMA 
7848, HSPA 
7848, LTE
7883,GSM 
7883, HSPA 
7883, LTE
7773,GSM 
7773, HSPA
7675,GSM 
7675, HSPA 
7675, LTE
7606,GSM 
7606, HSPA 
7606, LTE
7556,GSM 
7556, CDMA 
7556, HSPA 
7556, LTE
7575,GSM 
7575, HSPA 
7575, LTE
7496,GSM 
7496, HSPA 
7496, LTE
7451,GSM 
7451, HSPA 
7451, LTE
7442,GSM 
7442, CDMA 
7442, HSPA 
7442, EVDO 
7442, LTE
7437,GSM 
7437, HSPA
7363,GSM 
7363, HSPA 
7363, LTE
7250,GSM 
7250, HSPA 
7250, LTE
7253,GSM 
7253, HSPA 
7253, LTE
7245,GSM 
7245, CDMA 
7245, HSPA 
7245, EVDO 
7245, LTE
7212,GSM 
7212, HSPA 
7212, LTE
7148,GSM 
7148, HSPA 
7148, LTE
7051,GSM 
7051, HSPA 
7051, LTE
7052,GSM 
7052, HSPA 
7052, LTE
7053,GSM 
7053, HSPA 
7053, LTE
7054,GSM 
7054, HSPA 
7054, LTE
6916,GSM 
6916, CDMA 
6916, HSPA 
6916, EVDO 
6916, LTE
6812,CDMA 
6812, EVDO 
6812, LTE
6776,GSM 
6776, HSPA
6764,GSM 
6764, HSPA 
6764, LTE
6750,GSM 
6750, HSPA 
6750, LTE
6709,GSM 
6709, HSPA 
6709, LTE
6606,GSM 
6606, HSPA
6555,GSM 
6555, HSPA
6593,GSM 
6593, HSPA
6592,GSM 
6592, HSPA
6575,GSM 
6575, HSPA 
6575, LTE
6569,GSM 
6569, HSPA 
6569, LTE
6562,GSM 
6562, HSPA 
6562, LTE
6554,HSPA 
6554, LTE
6546,GSM 
6546, HSPA
6545,CDMA 
6545, EVDO 
6545, LTE
6520,GSM 
6520, LTE
6475,GSM 
6475, HSPA 
6475, LTE
6315,GSM 
6315, HSPA
6572,GSM 
6572, CDMA 
6572, HSPA 
6572, EVDO 
6572, LTE
6294,GSM 
6294, HSPA 
6294, LTE
6357,CDMA 
6357, LTE
6353,No cellular connectivity
6352,No cellular connectivity
7038,GSM 
7038, HSPA
6326,CDMA 
6326, EVDO 
6326, LTE
6307,GSM 
6307, HSPA
6173,LTE
6133,GSM 
6133, HSPA 
6133, LTE
6118,GSM 
6118, HSPA 
6118, LTE
6117,GSM 
6117, HSPA 
6117, LTE
6077,GSM 
6077, HSPA
6171,GSM 
6171, HSPA
6100,GSM 
6100, HSPA
6285,GSM 
6285, HSPA
6101,GSM 
6101, HSPA
6286,GSM 
6286, CDMA 
6286, HSPA 
6286, EVDO
6102,GSM 
6102, HSPA
6052,GSM 
6052, HSPA 
6052, LTE
6032,GSM 
6032, HSPA
5998,GSM 
5998, HSPA 
5998, LTE
5901,GSM 
5901, HSPA 
5901, EVDO 
5901, LTE
5705,GSM 
5705, CDMA 
5705, HSPA 
5705, LTE
5806,GSM 
5806, HSPA 
5806, LTE
5772,GSM 
5772, HSPA
5736,GSM 
5736, HSPA
5750,GSM 
5750, HSPA
5673,No cellular connectivity
5543,GSM 
5543, CDMA 
5543, HSPA 
5543, EVDO 
5543, LTE
5650,GSM 
5650, HSPA
5649,CDMA 
5649, EVDO 
5649, LTE
5602,GSM 
5602, HSPA
5488,GSM 
5488, HSPA
5487,GSM 
5487, HSPA
5554,CDMA 
5554, EVDO
5509,GSM 
5509, CDMA 
5509, HSPA 
5509, EVDO 
5509, LTE
5390,GSM 
5390, CDMA 
5390, HSPA 
5390, EVDO 
5390, LTE
5315,GSM 
5315, CDMA 
5315, HSPA 
5315, EVDO 
5315, LTE
5722,GSM 
5722, HSPA 
5722, LTE
5316,GSM 
5316, CDMA 
5316, HSPA 
5316, EVDO 
5316, LTE
5254,GSM 
5254, HSPA 
5254, LTE
5372,GSM 
5372, HSPA
5275,GSM 
5275, HSPA
5373,GSM 
5373, HSPA
5293,GSM 
5293, HSPA
5389,GSM 
5389, HSPA
5292,GSM 
5292, HSPA
5608,GSM 
5608, HSPA
5048,GSM 
5048, HSPA
5078,GSM 
5078, CDMA 
5078, HSPA 
5078, EVDO 
5078, LTE
5032,CDMA 
5032, EVDO 
5032, LTE
5025,GSM 
5025, HSPA
5062,GSM 
5062, HSPA 
5062, LTE
4751,GSM 
4751, CDMA 
4751, HSPA 
4751, EVDO 
4751, LTE
4941,GSM 
4941, HSPA 
4941, LTE
5005,CDMA 
5005, EVDO 
5005, LTE
4982,CDMA 
4982, EVDO
4981,GSM 
4981, HSPA 
4981, LTE
4964,GSM 
4964, HSPA
4955,GSM 
4955, HSPA
4948,CDMA 
4948, EVDO 
4948, LTE
4932,GSM 
4932, HSPA
4835,GSM 
4835, HSPA
4749,CDMA 
4749, EVDO
4739,CDMA 
4739, HSPA 
4739, EVDO 
4739, LTE
4717,GSM 
4717, HSPA 
4717, LTE
4653,CDMA 
4653, EVDO 
4653, LTE
4649,CDMA 
4649, EVDO
4563,GSM 
4563, HSPA
4562,GSM 
4562, HSPA
4545,GSM 
4545, HSPA
4565,GSM 
4565, HSPA
4571,GSM 
4571, HSPA
4554,CDMA 
4554, HSPA 
4554, EVDO 
4554, LTE
4461,GSM 
4461, HSPA
4430,CDMA 
4430, EVDO 
4430, LTE
4416,CDMA 
4416, EVDO 
4416, LTE
4377,CDMA 
4377, EVDO 
4377, LTE
4064,GSM 
4064, HSPA
4329,GSM 
4329, HSPA 
4329, LTE
4353,GSM 
4353, HSPA 
4353, LTE
4257,GSM 
4257, HSPA
4213,GSM 
4213, HSPA 
4213, LTE
4188,CDMA 
4188, HSPA 
4188, EVDO 
4188, LTE
4201,CDMA 
4201, HSPA
4140,CDMA 
4140, HSPA
4157,GSM 
4157, HSPA
4067,GSM 
4067, HSPA
4309,GSM 
4309, HSPA
4043,GSM 
4043, HSPA
4289,CDMA 
4289, EVDO 
4289, LTE
4287,CDMA 
4287, EVDO
4037,GSM 
4037, HSPA
4040,GSM 
4040, HSPA
3886,GSM 
3886, HSPA
3759,GSM 
3759, HSPA
3704,GSM 
3704, HSPA
3762,GSM 
3762, HSPA
3598,GSM 
3598, HSPA
3731,CDMA 
3731, EVDO
3558,GSM 
3558, HSPA
3532,GSM 
3532, HSPA
3516,GSM 
3516, HSPA
3081,GSM 
3081, HSPA
12471,GSM 
12471, HSPA 
12471, LTE 
12471, 5G
12381,GSM 
12381, HSPA 
12381, LTE 
12381, 5G
12321,GSM 
12321, HSPA 
12321, LTE
12244,GSM 
12244, HSPA 
12244, LTE 
12244, 5G
12184,GSM 
12184, HSPA 
12184, LTE
12139,GSM 
12139, HSPA 
12139, LTE
12137,GSM 
12137, HSPA 
12137, LTE
12085,GSM 
12085, HSPA 
12085, LTE
11831,GSM 
11831, HSPA 
11831, LTE 
11831, 5G
11826,GSM 
11826, HSPA 
11826, LTE 
11826, 5G
11825,GSM 
11825, HSPA 
11825, LTE
11669,GSM 
11669, HSPA 
11669, LTE
11644,GSM 
11644, HSPA 
11644, LTE
11629,GSM 
11629, HSPA 
11629, LTE
11381,GSM 
11381, HSPA 
11381, LTE
11380,GSM 
11380, HSPA 
11380, LTE
11382,GSM 
11382, HSPA 
11382, LTE
11358,GSM 
11358, HSPA 
11358, LTE
11356,GSM 
11356, HSPA 
11356, LTE
11207,GSM 
11207, HSPA 
11207, LTE 
11207, 5G
11135,GSM 
11135, HSPA 
11135, LTE 
11135, 5G
11077,GSM 
11077, HSPA 
11077, LTE 
11077, 5G
11013,GSM 
11013, CDMA 
11013, HSPA 
11013, EVDO 
11013, LTE 
11013, 5G
10967,GSM 
10967, HSPA 
10967, LTE
11019,GSM 
11019, HSPA
10959,GSM 
10959, HSPA 
10959, LTE
10955,GSM 
10955, HSPA 
10955, LTE
10838,GSM 
10838, HSPA 
10838, LTE 
10838, 5G
10840,GSM 
10840, HSPA 
10840, LTE 
10840, 5G
10841,GSM 
10841, HSPA 
10841, LTE
10842,GSM 
10842, HSPA 
10842, LTE
10843,GSM 
10843, HSPA 
10843, LTE
10844,GSM 
10844, HSPA
10700,GSM 
10700, HSPA 
10700, LTE
10624,GSM 
10624, HSPA 
10624, LTE
10584,GSM 
10584, HSPA 
10584, LTE
10588,GSM 
10588, HSPA 
10588, LTE 
10588, 5G
10547,GSM 
10547, HSPA 
10547, LTE
10404,GSM 
10404, HSPA 
10404, LTE
10460,GSM 
10460, HSPA 
10460, LTE
10351,GSM 
10351, HSPA 
10351, LTE
10273,GSM 
10273, HSPA 
10273, LTE
10275,GSM 
10275, HSPA 
10275, LTE
10274,GSM 
10274, HSPA 
10274, LTE
10142,GSM 
10142, HSPA 
10142, LTE 
10142, 5G
10117,GSM 
10117, HSPA 
10117, LTE
10143,GSM 
10143, HSPA 
10143, LTE
9993,GSM 
9993, HSPA
9988,GSM 
9988, HSPA 
9988, LTE
9833,GSM 
9833, HSPA 
9833, LTE
9834,GSM 
9834, HSPA 
9834, LTE
9731,GSM 
9731, HSPA 
9731, LTE
9652,GSM 
9652, HSPA 
9652, LTE
8867,GSM 
8867, HSPA 
8867, LTE
9603,GSM 
9603, HSPA 
9603, LTE
10619,GSM 
10619, HSPA 
10619, LTE
9604,GSM 
9604, HSPA 
9604, LTE
9538,GSM 
9538, HSPA 
9538, LTE
9342,GSM 
9342, CDMA 
9342, HSPA 
9342, LTE
9364,GSM 
9364, HSPA 
9364, LTE
9354,GSM 
9354, CDMA 
9354, HSPA 
9354, LTE
9178,GSM 
9178, HSPA 
9178, LTE
9246,GSM 
9246, CDMA 
9246, HSPA 
9246, LTE
9214,GSM 
9214, HSPA 
9214, LTE
9215,GSM 
9215, HSPA 
9215, LTE
9216,GSM 
9216, HSPA 
9216, LTE
9087,GSM 
9087, CDMA 
9087, HSPA 
9087, EVDO 
9087, LTE
9058,GSM 
9058, CDMA 
9058, HSPA 
9058, EVDO 
9058, LTE
8972,GSM 
8972, HSPA 
8972, EVDO 
8972, LTE
9052,GSM 
9052, HSPA 
9052, LTE
8513,GSM 
8513, HSPA 
8513, LTE
8907,GSM 
8907, CDMA 
8907, HSPA 
8907, EVDO 
8907, LTE
8522,GSM 
8522, HSPA 
8522, LTE
8572,GSM 
8572, HSPA 
8572, LTE
8571,GSM 
8571, HSPA 
8571, LTE
6885,GSM 
6885, HSPA 
6885, LTE
6877,GSM 
6877, HSPA 
6877, LTE
6814,No cellular connectivity
6640,GSM 
6640, HSPA
6639,GSM 
6639, HSPA 
6639, LTE
6638,GSM 
6638, HSPA 
6638, LTE
6524,GSM 
6524, HSPA
6523,GSM 
6523, HSPA
6383,GSM 
6383, HSPA
6227,GSM 
6227, HSPA 
6227, LTE
6254,GSM 
6254, HSPA 
6254, LTE
6255,GSM 
6255, HSPA
6232,GSM 
6232, HSPA
6148,GSM 
6148, HSPA
6147,GSM 
6147, HSPA
6067,GSM 
6067, HSPA
5833,GSM 
5833, CDMA 
5833, HSPA 
5833, EVDO 
5833, LTE
5869,GSM 
5869, HSPA
5760,GSM 
5760, HSPA 
5760, LTE
5791,GSM 
5791, HSPA 
5791, LTE
5438,GSM 
5438, HSPA 
5438, LTE
5506,GSM 
5506, HSPA 
5506, LTE
5451,GSM 
5451, HSPA 
5451, LTE
5437,GSM 
5437, CDMA 
5437, HSPA 
5437, EVDO 
5437, LTE
5321,GSM 
5321, HSPA
5322,GSM 
5322, HSPA
5150,GSM 
5150, HSPA
5147,GSM 
5147, HSPA
5090,GSM 
5090, CDMA 
5090, HSPA 
5090, EVDO 
5090, LTE
5069,GSM 
5069, HSPA
5024,GSM 
5024, HSPA
4967,GSM 
4967, HSPA 
4967, LTE
4968,GSM 
4968, HSPA 
4968, LTE
4695,GSM 
4695, HSPA
4662,GSM 
4662, CDMA 
4662, EVDO
4576,GSM 
4576, HSPA
4578,GSM 
4578, HSPA
4275,GSM 
4275, HSPA 
4275, LTE
4240,GSM 
4240, HSPA
4372,GSM 
4372, HSPA
4276,GSM 
4276, HSPA
4220,GSM
4223,GSM
4222,GSM 
4222, HSPA
3398,GSM 
3398, HSPA
3885,GSM 
3885, HSPA
3578,GSM 
3578, HSPA
3545,GSM 
3545, HSPA
3524,GSM 
3524, HSPA
3394,GSM 
3394, HSPA
3397,GSM 
3397, HSPA
3390,GSM
3252,GSM 
3252, HSPA
3109,GSM 
3109, HSPA
12773,GSM 
12773, CDMA 
12773, HSPA 
12773, EVDO 
12773, LTE 
12773, 5G
12784,GSM 
12784, HSPA 
12784, LTE 
12784, 5G
12785,GSM 
12785, HSPA 
12785, LTE 
12785, 5G
12616,GSM 
12616, HSPA 
12616, LTE
12520,GSM 
12520, HSPA 
12520, LTE 
12520, 5G
12584,GSM 
12584, HSPA 
12584, LTE
12583,GSM 
12583, HSPA 
12583, LTE
12189,GSM 
12189, HSPA 
12189, LTE 
12189, 5G
12074,GSM 
12074, HSPA 
12074, LTE 
12074, 5G
12024,GSM 
12024, CDMA 
12024, HSPA 
12024, EVDO 
12024, LTE 
12024, 5G
12083,GSM 
12083, CDMA 
12083, HSPA 
12083, EVDO 
12083, LTE 
12083, 5G
12082,GSM 
12082, CDMA 
12082, HSPA 
12082, EVDO 
12082, LTE 
12082, 5G
12151,GSM 
12151, HSPA 
12151, LTE
12004,GSM 
12004, HSPA 
12004, LTE 
12004, 5G
11945,GSM 
11945, HSPA 
11945, LTE
11803,GSM 
11803, HSPA 
11803, LTE
11736,GSM 
11736, HSPA 
11736, LTE 
11736, 5G
11633,GSM 
11633, HSPA 
11633, LTE 
11633, 5G
11665,GSM 
11665, HSPA 
11665, LTE
11600,GSM 
11600, HSPA 
11600, LTE 
11600, 5G
11564,GSM 
11564, HSPA 
11564, LTE
11439,GSM 
11439, HSPA 
11439, LTE 
11439, 5G
11459,GSM 
11459, CDMA 
11459, HSPA 
11459, EVDO 
11459, LTE 
11459, 5G
11268,GSM 
11268, HSPA 
11268, LTE 
11268, 5G
11429,GSM 
11429, HSPA 
11429, LTE 
11429, 5G
11403,GSM 
11403, HSPA 
11403, LTE 
11403, 5G
11373,GSM 
11373, HSPA 
11373, LTE
11402,GSM 
11402, HSPA 
11402, LTE
10954,GSM 
10954, CDMA 
10954, HSPA 
10954, EVDO 
10954, LTE 
10954, 5G
11149,GSM 
11149, HSPA 
11149, LTE 
11149, 5G
11244,GSM 
11244, HSPA 
11244, LTE
11215,GSM 
11215, HSPA 
11215, LTE
11124,GSM 
11124, HSPA 
11124, LTE 
11124, 5G
11110,GSM 
11110, HSPA 
11110, LTE 
11110, 5G
11062,GSM 
11062, HSPA 
11062, LTE 
11062, 5G
10937,GSM 
10937, HSPA 
10937, LTE
11039,GSM 
11039, HSPA 
11039, LTE 
11039, 5G
11087,GSM 
11087, HSPA 
11087, LTE
11041,GSM 
11041, HSPA 
11041, LTE
11015,GSM 
11015, HSPA 
11015, LTE
10996,GSM 
10996, HSPA 
10996, LTE
10873,GSM 
10873, HSPA 
10873, LTE 
10873, 5G
10948,GSM 
10948, HSPA 
10948, LTE
10900,GSM 
10900, HSPA 
10900, LTE 
10900, 5G
10848,GSM 
10848, HSPA 
10848, LTE 
10848, 5G
10860,GSM 
10860, HSPA 
10860, LTE
10850,GSM 
10850, HSPA 
10850, LTE 
10850, 5G
10825,GSM 
10825, HSPA 
10825, LTE
10824,GSM 
10824, HSPA 
10824, LTE
10469,GSM 
10469, HSPA 
10469, LTE
10631,GSM 
10631, HSPA 
10631, LTE 
10631, 5G
10641,GSM 
10641, HSPA 
10641, LTE
10718,GSM 
10718, HSPA 
10718, LTE
10753,GSM 
10753, HSPA 
10753, LTE
10740,GSM 
10740, HSPA 
10740, LTE
10578,GSM 
10578, HSPA 
10578, LTE
10648,GSM 
10648, CDMA 
10648, HSPA 
10648, LTE 
10648, 5G
10663,GSM 
10663, HSPA 
10663, LTE
10604,GSM 
10604, HSPA 
10604, LTE
10709,GSM 
10709, HSPA 
10709, LTE
10708,GSM 
10708, HSPA 
10708, LTE
10603,GSM 
10603, HSPA 
10603, LTE
10580,GSM 
10580, HSPA 
10580, LTE
10496,GSM 
10496, HSPA 
10496, LTE
10498,GSM 
10498, HSPA 
10498, LTE
10377,GSM 
10377, CDMA 
10377, HSPA 
10377, EVDO 
10377, LTE 
10377, 5G
10428,GSM 
10428, CDMA 
10428, HSPA 
10428, EVDO 
10428, LTE
10412,GSM 
10412, HSPA 
10412, LTE 
10412, 5G
10148,GSM 
10148, HSPA 
10148, LTE
10371,GSM 
10371, HSPA 
10371, LTE 
10371, 5G
10261,GSM 
10261, CDMA 
10261, HSPA 
10261, EVDO 
10261, LTE 
10261, 5G
10355,GSM 
10355, CDMA 
10355, HSPA 
10355, EVDO 
10355, LTE
10338,GSM 
10338, CDMA 
10338, HSPA 
10338, EVDO 
10338, LTE
10333,GSM 
10333, HSPA 
10333, LTE
10335,GSM 
10335, HSPA 
10335, LTE
10316,GSM 
10316, HSPA 
10316, LTE
10314,GSM 
10314, HSPA 
10314, LTE
10216,GSM 
10216, HSPA 
10216, LTE
10239,GSM 
10239, HSPA 
10239, LTE
10208,GSM 
10208, HSPA 
10208, LTE
10243,GSM 
10243, HSPA 
10243, LTE 
10243, 5G
10157,GSM 
10157, HSPA 
10157, LTE 
10157, 5G
10483,GSM 
10483, HSPA 
10483, LTE
10124,GSM 
10124, HSPA 
10124, LTE
10149,GSM 
10149, HSPA 
10149, LTE
10138,GSM 
10138, HSPA 
10138, LTE
10111,GSM 
10111, HSPA 
10111, LTE
10132,GSM 
10132, HSPA 
10132, LTE
10079,GSM 
10079, HSPA 
10079, LTE
10040,GSM 
10040, CDMA 
10040, HSPA 
10040, EVDO 
10040, LTE 
10040, 5G
10084,GSM 
10084, CDMA 
10084, HSPA 
10084, EVDO 
10084, LTE
10041,GSM 
10041, CDMA 
10041, HSPA 
10041, EVDO 
10041, LTE 
10041, 5G
10080,GSM 
10080, CDMA 
10080, HSPA 
10080, EVDO 
10080, LTE
10254,GSM 
10254, CDMA 
10254, HSPA 
10254, EVDO 
10254, LTE 
10254, 5G
10044,GSM 
10044, CDMA 
10044, HSPA 
10044, EVDO 
10044, LTE 
10044, 5G
10081,GSM 
10081, CDMA 
10081, HSPA 
10081, EVDO 
10081, LTE
10004,GSM 
10004, HSPA 
10004, LTE 
10004, 5G
10001,GSM 
10001, HSPA 
10001, LTE
10003,GSM 
10003, HSPA 
10003, LTE
9917,GSM 
9917, HSPA 
9917, LTE
9999,GSM 
9999, HSPA 
9999, LTE
9995,GSM 
9995, HSPA 
9995, LTE
9963,GSM 
9963, HSPA 
9963, LTE
9937,GSM 
9937, HSPA 
9937, LTE
9899,GSM 
9899, HSPA 
9899, LTE
9852,GSM 
9852, HSPA 
9852, LTE
9818,GSM 
9818, HSPA 
9818, LTE
9861,GSM 
9861, HSPA 
9861, LTE
9795,GSM 
9795, HSPA 
9795, LTE 
9795, 5G
9796,GSM 
9796, HSPA 
9796, LTE
9806,GSM 
9806, HSPA 
9806, LTE
9787,GSM 
9787, CDMA 
9787, HSPA 
9787, EVDO 
9787, LTE 
9787, 5G
9732,GSM 
9732, CDMA 
9732, HSPA 
9732, EVDO 
9732, LTE
9789,GSM 
9789, CDMA 
9789, HSPA 
9789, EVDO 
9789, LTE 
9789, 5G
9788,GSM 
9788, CDMA 
9788, HSPA 
9788, EVDO 
9788, LTE
9793,GSM 
9793, HSPA 
9793, LTE
9790,GSM 
9790, CDMA 
9790, HSPA 
9790, LTE
9781,GSM 
9781, HSPA 
9781, LTE
9730,GSM 
9730, HSPA 
9730, LTE
9636,GSM 
9636, HSPA 
9636, LTE
9588,GSM 
9588, CDMA 
9588, HSPA 
9588, EVDO 
9588, LTE 
9588, 5G
9536,GSM 
9536, CDMA 
9536, HSPA 
9536, EVDO 
9536, LTE
9537,GSM 
9537, CDMA 
9537, HSPA 
9537, EVDO 
9537, LTE
9721,GSM 
9721, HSPA 
9721, LTE
9505,GSM 
9505, HSPA 
9505, LTE
9506,GSM 
9506, HSPA 
9506, LTE
9508,GSM 
9508, HSPA 
9508, LTE
9659,GSM 
9659, HSPA 
9659, LTE
9646,GSM 
9646, HSPA 
9646, LTE
9616,GSM 
9616, CDMA 
9616, HSPA 
9616, LTE
9554,GSM 
9554, HSPA 
9554, LTE
9642,GSM 
9642, HSPA 
9642, LTE
9579,GSM 
9579, HSPA 
9579, LTE
9661,GSM 
9661, HSPA 
9661, LTE
9640,GSM 
9640, HSPA 
9640, LTE
9580,GSM 
9580, HSPA 
9580, LTE
9581,GSM 
9581, HSPA 
9581, LTE
9665,GSM 
9665, HSPA 
9665, LTE
9432,GSM 
9432, CDMA 
9432, HSPA 
9432, LTE
9352,GSM 
9352, CDMA 
9352, HSPA 
9352, LTE
9344,GSM 
9344, HSPA 
9344, LTE
9340,GSM 
9340, HSPA 
9340, LTE
9163,GSM 
9163, CDMA 
9163, HSPA 
9163, EVDO 
9163, LTE
9334,GSM 
9334, HSPA 
9334, LTE
9397,GSM 
9397, HSPA 
9397, LTE
9335,GSM 
9335, HSPA 
9335, LTE
9255,GSM 
9255, HSPA 
9255, LTE
9260,GSM 
9260, HSPA 
9260, LTE
9234,GSM 
9234, HSPA 
9234, LTE
8928,GSM 
8928, HSPA 
8928, LTE
9220,GSM 
9220, CDMA 
9220, HSPA 
9220, LTE
9202,GSM 
9202, CDMA 
9202, HSPA 
9202, LTE
9205,GSM 
9205, HSPA 
9205, LTE
9203,GSM 
9203, HSPA 
9203, LTE
9204,GSM 
9204, HSPA 
9204, LTE
9156,GSM 
9156, HSPA 
9156, LTE
9155,GSM 
9155, HSPA 
9155, LTE
9153,GSM 
9153, HSPA 
9153, LTE
9135,GSM 
9135, HSPA 
9135, LTE
8967,GSM 
8967, CDMA 
8967, HSPA 
8967, EVDO 
8967, LTE
8966,GSM 
8966, CDMA 
8966, HSPA 
8966, EVDO 
8966, LTE
8904,GSM 
8904, HSPA 
8904, LTE
8790,GSM 
8790, HSPA 
8790, LTE
8886,GSM 
8886, HSPA 
8886, LTE
8900,GSM 
8900, HSPA 
8900, LTE
8725,GSM 
8725, HSPA 
8725, LTE
8789,GSM 
8789, HSPA 
8789, LTE
8505,GSM 
8505, HSPA 
8505, LTE
8676,GSM 
8676, HSPA 
8676, LTE
8778,GSM 
8778, CDMA 
8778, HSPA 
8778, EVDO 
8778, LTE
8683,GSM 
8683, HSPA 
8683, LTE
8684,GSM 
8684, HSPA 
8684, LTE
8675,GSM 
8675, HSPA 
8675, LTE
8561,GSM 
8561, HSPA 
8561, LTE
8705,GSM 
8705, HSPA 
8705, LTE
8438,GSM 
8438, HSPA 
8438, LTE
9331,GSM 
9331, HSPA 
9331, LTE
8682,GSM 
8682, HSPA 
8682, LTE
8161,GSM 
8161, HSPA 
8161, LTE
8523,GSM 
8523, HSPA 
8523, LTE
8437,GSM 
8437, HSPA 
8437, LTE
8577,GSM 
8577, HSPA 
8577, LTE
8397,GSM 
8397, HSPA 
8397, LTE
8486,GSM 
8486, CDMA 
8486, HSPA 
8486, LTE
8435,GSM 
8435, HSPA 
8435, LTE
8335,GSM 
8335, HSPA 
8335, LTE
8494,GSM 
8494, HSPA 
8494, LTE
8336,GSM 
8336, HSPA 
8336, LTE
8385,GSM 
8385, HSPA 
8385, LTE
8424,GSM 
8424, HSPA 
8424, LTE
8347,GSM 
8347, HSPA 
8347, LTE
7801,GSM 
7801, HSPA 
7801, LTE
8367,GSM 
8367, HSPA 
8367, LTE
8265,GSM 
8265, HSPA 
8265, LTE
8342,GSM 
8342, HSPA 
8342, LTE
8314,GSM 
8314, HSPA 
8314, LTE
8288,GSM 
8288, HSPA 
8288, LTE
8242,GSM 
8242, CDMA 
8242, HSPA 
8242, EVDO 
8242, LTE
8082,GSM 
8082, HSPA 
8082, LTE
8140,GSM 
8140, HSPA 
8140, LTE
8192,GSM 
8192, HSPA 
8192, LTE
8186,GSM 
8186, HSPA 
8186, LTE
8228,GSM 
8228, HSPA 
8228, LTE
8083,GSM 
8083, HSPA 
8083, LTE
8455,GSM 
8455, HSPA 
8455, LTE
8004,GSM 
8004, HSPA 
8004, LTE
8126,GSM 
8126, CDMA 
8126, HSPA 
8126, EVDO 
8126, LTE
8046,GSM 
8046, HSPA 
8046, LTE
8047,GSM 
8047, HSPA 
8047, LTE
7903,GSM 
7903, HSPA 
7903, LTE
7870,GSM 
7870, HSPA 
7870, LTE
7869,GSM 
7869, HSPA 
7869, LTE
7880,GSM 
7880, HSPA 
7880, LTE
7821,GSM 
7821, HSPA 
7821, LTE
7945,GSM 
7945, HSPA 
7945, LTE
7961,GSM 
7961, CDMA 
7961, HSPA 
7961, EVDO 
7961, LTE
7960,GSM 
7960, CDMA 
7960, HSPA 
7960, EVDO 
7960, LTE
7768,GSM 
7768, HSPA
7879,CDMA 
7879, HSPA 
7879, EVDO 
7879, LTE
7864,GSM 
7864, HSPA 
7864, LTE
7641,GSM 
7641, HSPA 
7641, LTE
7759,GSM 
7759, HSPA 
7759, LTE
7789,GSM 
7789, UMTS 
7789, HSPA 
7789, LTE
7791,GSM 
7791, HSPA 
7791, LTE
8022,GSM 
8022, HSPA 
8022, LTE
7760,GSM 
7760, HSPA 
7760, LTE
7679,GSM 
7679, HSPA 
7679, LTE
7648,GSM 
7648, HSPA 
7648, LTE
7273,GSM 
7273, HSPA
7673,GSM 
7673, HSPA 
7673, LTE
7504,GSM 
7504, CDMA 
7504, HSPA 
7504, LTE
7431,GSM 
7431, HSPA 
7431, LTE
7508,GSM 
7508, HSPA 
7508, LTE
7505,GSM 
7505, CDMA 
7505, HSPA 
7505, LTE
7467,GSM 
7467, HSPA 
7467, LTE
7509,GSM 
7509, HSPA 
7509, LTE
6506,GSM 
6506, HSPA 
6506, LTE
7468,GSM 
7468, HSPA 
7468, LTE
7453,GSM 
7453, HSPA 
7453, LTE
7506,GSM 
7506, HSPA 
7506, LTE
7249,GSM 
7249, HSPA 
7249, LTE
7395,GSM 
7395, HSPA
8785,GSM 
8785, HSPA 
8785, LTE
7185,GSM 
7185, HSPA 
7185, LTE
7184,GSM 
7184, HSPA 
7184, LTE
7114,GSM 
7114, HSPA 
7114, LTE
7134,GSM 
7134, HSPA
8883,GSM 
8883, HSPA 
8883, LTE
7121,GSM 
7121, HSPA 
7121, LTE
6990,GSM 
6990, HSPA 
6990, LTE
7166,GSM 
7166, CDMA 
7166, HSPA 
7166, EVDO 
7166, LTE
7164,GSM 
7164, CDMA 
7164, HSPA 
7164, EVDO 
7164, LTE
7079,GSM 
7079, HSPA 
7079, LTE
7377,GSM 
7377, HSPA 
7377, LTE
6849,GSM 
6849, HSPA 
6849, LTE
7034,GSM 
7034, HSPA 
7034, LTE
7357,GSM 
7357, HSPA 
7357, LTE
6907,GSM 
6907, HSPA
7110,No cellular connectivity
6894,GSM 
6894, HSPA
7132,GSM 
7132, HSPA 
7132, LTE
6763,GSM 
6763, HSPA 
6763, LTE
6905,GSM 
6905, HSPA 
6905, LTE
6879,GSM 
6879, HSPA 
6879, LTE
6906,GSM 
6906, HSPA
6716,GSM 
6716, HSPA 
6716, LTE
6802,GSM 
6802, HSPA 
6802, LTE
6761,GSM 
6761, HSPA 
6761, LTE
6803,GSM 
6803, HSPA 
6803, LTE
6762,GSM 
6762, HSPA 
6762, LTE
6748,GSM 
6748, HSPA 
6748, LTE
6725,GSM 
6725, HSPA
6790,GSM 
6790, HSPA
6708,GSM 
6708, HSPA 
6708, LTE
6706,GSM 
6706, HSPA 
6706, LTE
6631,GSM 
6631, HSPA 
6631, LTE
6749,GSM 
6749, HSPA 
6749, LTE
6758,GSM 
6758, CDMA 
6758, HSPA 
6758, EVDO 
6758, LTE
6434,GSM 
6434, HSPA 
6434, LTE
6658,GSM 
6658, HSPA 
6658, LTE
6659,No cellular connectivity
6482,GSM 
6482, HSPA 
6482, LTE
6576,GSM 
6576, HSPA 
6576, LTE
6580,GSM 
6580, HSPA 
6580, LTE
6573,GSM 
6573, HSPA 
6573, LTE
6563,GSM 
6563, HSPA
6542,GSM 
6542, HSPA 
6542, LTE
6662,GSM 
6662, HSPA
6534,GSM 
6534, HSPA
6391,GSM
6252,GSM 
6252, HSPA 
6252, LTE
6478,GSM 
6478, HSPA 
6478, LTE
6479,GSM 
6479, HSPA
6480,GSM 
6480, HSPA
6481,GSM
6331,GSM 
6331, HSPA
6460,GSM 
6460, CDMA 
6460, HSPA 
6460, LTE
6450,GSM 
6450, HSPA 
6450, LTE
6435,GSM 
6435, HSPA 
6435, LTE
6439,No cellular connectivity
6432,GSM 
6432, HSPA 
6432, LTE
6433,GSM 
6433, HSPA
6404,GSM 
6404, HSPA 
6404, LTE
6356,GSM 
6356, HSPA 
6356, LTE
6210,GSM 
6210, HSPA 
6210, LTE
6289,GSM 
6289, HSPA
6284,GSM 
6284, HSPA
6251,No cellular connectivity
6250,GSM 
6250, HSPA
6241,GSM 
6241, HSPA 
6241, LTE
6249,No cellular connectivity
6248,GSM 
6248, HSPA
6240,GSM 
6240, HSPA 
6240, LTE
6209,GSM 
6209, HSPA
6190,GSM 
6190, HSPA
6272,GSM 
6272, HSPA 
6272, LTE
6237,GSM 
6237, HSPA
6338,GSM 
6338, CDMA 
6338, HSPA 
6338, EVDO 
6338, LTE
6033,GSM 
6033, HSPA 
6033, LTE
6846,GSM 
6846, HSPA 
6846, LTE
6099,GSM 
6099, HSPA 
6099, LTE
6054,GSM 
6054, HSPA
6015,GSM 
6015, HSPA
5961,GSM 
5961, HSPA 
5961, LTE
5975,GSM 
5975, HSPA
5969,No cellular connectivity
5958,GSM 
5958, HSPA
6049,GSM 
6049, HSPA 
6049, LTE
5946,No cellular connectivity
5928,No cellular connectivity
5904,GSM 
5904, HSPA
5889,GSM 
5889, HSPA 
5889, LTE
5887,GSM 
5887, HSPA 
5887, LTE
5886,GSM 
5886, HSPA
5876,GSM 
5876, HSPA
5862,GSM 
5862, HSPA 
5862, LTE
5814,GSM 
5814, HSPA
5803,GSM 
5803, HSPA 
5803, LTE
5542,GSM 
5542, HSPA 
5542, LTE
5786,GSM 
5786, HSPA 
5786, LTE
5766,GSM 
5766, HSPA 
5766, LTE
5841,GSM 
5841, HSPA
5749,GSM
5665,GSM 
5665, CDMA 
5665, HSPA 
5665, EVDO 
5665, LTE
5597,CDMA 
5597, EVDO
5548,GSM 
5548, CDMA 
5548, HSPA 
5548, EVDO 
5548, LTE
5447,GSM 
5447, HSPA 
5447, LTE
5375,GSM 
5375, HSPA 
5375, LTE
5446,GSM 
5446, HSPA 
5446, LTE
5456,GSM 
5456, HSPA 
5456, LTE
5468,GSM 
5468, HSPA
5419,GSM 
5419, HSPA
5423,No cellular connectivity
5422,GSM 
5422, HSPA 
5422, LTE
5398,GSM 
5398, HSPA 
5398, LTE
5396,GSM 
5396, HSPA
5394,GSM 
5394, HSPA
5392,GSM 
5392, HSPA
5391,GSM 
5391, HSPA
5314,GSM
5371,GSM 
5371, HSPA 
5371, LTE
5125,GSM 
5125, HSPA
5420,GSM 
5420, HSPA
5388,GSM 
5388, CDMA 
5388, HSPA 
5388, EVDO 
5388, LTE
5253,No cellular connectivity
5280,GSM 
5280, HSPA
5279,GSM 
5279, HSPA
5271,GSM 
5271, HSPA 
5271, LTE
5263,GSM 
5263, HSPA
5221,GSM 
5221, CDMA 
5221, HSPA 
5221, EVDO 
5221, LTE
5213,GSM 
5213, HSPA
5163,GSM 
5163, HSPA
5162,GSM 
5162, HSPA
5144,CDMA 
5144, EVDO 
5144, LTE
5124,GSM 
5124, CDMA 
5124, HSPA 
5124, EVDO 
5124, LTE
5111,GSM 
5111, HSPA
5272,GSM 
5272, HSPA 
5272, LTE
5047,GSM 
5047, HSPA 
5047, LTE
5033,GSM 
5033, HSPA
5027,GSM 
5027, HSPA
5026,GSM 
5026, HSPA
5019,GSM 
5019, HSPA 
5019, LTE
5018,GSM 
5018, HSPA 
5018, LTE
5001,GSM 
5001, HSPA 
5001, LTE
4992,GSM 
4992, CDMA 
4992, HSPA 
4992, EVDO 
4992, LTE
4914,GSM 
4914, HSPA
4854,GSM 
4854, HSPA 
4854, LTE
5152,GSM 
5152, CDMA 
5152, HSPA 
5152, EVDO 
5152, LTE
4960,GSM 
4960, HSPA
4961,HSPA 
4961, LTE
4957,CDMA 
4957, EVDO
4954,CDMA 
4954, EVDO 
4954, LTE
4953,CDMA 
4953, EVDO
4923,CDMA 
4923, EVDO 
4923, LTE
4883,GSM 
4883, HSPA
4857,GSM
5114,GSM 
5114, HSPA
4777,GSM 
4777, HSPA
4771,GSM 
4771, HSPA
4750,GSM 
4750, HSPA
4804,GSM 
4804, HSPA 
4804, LTE
4803,GSM 
4803, HSPA 
4803, LTE
4799,CDMA 
4799, EVDO 
4799, LTE
4238,GSM 
4238, HSPA
5461,GSM 
5461, HSPA
4566,GSM 
4566, HSPA
4564,GSM 
4564, HSPA
5340,GSM 
5340, HSPA
4559,GSM 
4559, HSPA
3883,GSM 
3883, HSPA
4544,GSM 
4544, HSPA
4671,No cellular connectivity
4543,GSM 
4543, HSPA
4469,GSM 
4469, HSPA
4432,GSM 
4432, HSPA
4420,GSM 
4420, HSPA
4419,CDMA 
4419, EVDO 
4419, LTE
4406,CDMA 
4406, EVDO 
4406, LTE
4415,GSM 
4415, HSPA 
4415, LTE
4952,GSM 
4952, HSPA
4374,GSM 
4374, HSPA 
4374, LTE
4397,GSM 
4397, HSPA
4387,GSM 
4387, CDMA 
4387, EVDO
4344,CDMA 
4344, EVDO
4158,GSM 
4158, HSPA
4159,GSM 
4159, HSPA
4303,GSM 
4303, HSPA 
4303, LTE
4277,GSM 
4277, HSPA
4301,CDMA 
4301, EVDO 
4301, LTE
4219,GSM 
4219, HSPA 
4219, LTE
4327,GSM 
4327, HSPA
4262,CDMA 
4262, EVDO 
4262, LTE
4071,GSM 
4071, HSPA
4239,GSM 
4239, HSPA
4667,No cellular connectivity
4208,GSM 
4208, HSPA
4200,GSM 
4200, HSPA
4198,GSM 
4198, HSPA 
4198, LTE
4668,No cellular connectivity
4136,GSM 
4136, HSPA
4135,GSM 
4135, HSPA 
4135, LTE
4130,GSM 
4130, HSPA
4129,GSM 
4129, HSPA
3956,CDMA 
3956, EVDO
4376,GSM 
4376, HSPA 
4376, LTE
4124,GSM 
4124, HSPA 
4124, LTE
4114,GSM 
4114, HSPA
4117,GSM 
4117, HSPA
4091,GSM 
4091, HSPA
4059,GSM 
4059, HSPA
3967,GSM 
3967, HSPA
4026,CDMA 
4026, EVDO
3969,GSM 
3969, HSPA
3968,GSM 
3968, HSPA
3908,GSM 
3908, HSPA
3913,CDMA 
3913, EVDO
3920,GSM 
3920, HSPA
3919,No cellular connectivity
3893,No cellular connectivity
3884,CDMA 
3884, EVDO
3621,GSM 
3621, HSPA
3761,GSM 
3761, HSPA
3724,GSM 
3724, HSPA
3726,GSM 
3726, HSPA
3741,GSM 
3741, HSPA
3725,GSM 
3725, HSPA
3719,GSM 
3719, HSPA
3620,GSM 
3620, HSPA
3453,GSM 
3453, HSPA
3672,GSM 
3672, HSPA
3370,GSM 
3370, HSPA
3580,CDMA 
3580, EVDO
3581,CDMA 
3581, EVDO
3408,GSM 
3408, HSPA
3410,CDMA 
3410, HSPA 
3410, EVDO
3432,GSM 
3432, HSPA
3395,GSM 
3395, HSPA
3294,GSM 
3294, HSPA
3115,GSM 
3115, HSPA
12534,GSM 
12534, HSPA 
12534, LTE 
12534, 5G
12263,GSM 
12263, HSPA 
12263, LTE 
12263, 5G
12264,GSM 
12264, HSPA 
12264, LTE 
12264, 5G
11838,GSM 
11838, HSPA 
11838, LTE 
11838, 5G
11521,GSM 
11521, HSPA 
11521, LTE 
11521, 5G
11522,GSM 
11522, HSPA 
11522, LTE 
11522, 5G
11174,GSM 
11174, HSPA 
11174, LTE 
11174, 5G
11064,GSM 
11064, HSPA 
11064, LTE 
11064, 5G
10851,GSM 
10851, HSPA 
10851, LTE 
10851, 5G
10698,GSM 
10698, HSPA 
10698, LTE 
10698, 5G
10707,GSM 
10707, HSPA 
10707, LTE 
10707, 5G
10396,GSM 
10396, HSPA 
10396, LTE 
10396, 5G
10096,GSM 
10096, HSPA 
10096, LTE 
10096, 5G
10095,GSM 
10095, HSPA 
10095, LTE
10091,GSM 
10091, HSPA 
10091, LTE
9840,GSM 
9840, HSPA 
9840, LTE
9543,GSM 
9543, HSPA 
9543, LTE
9591,GSM 
9591, HSPA 
9591, LTE
9353,GSM 
9353, HSPA 
9353, LTE
9592,GSM 
9592, HSPA 
9592, LTE
9268,GSM 
9268, HSPA 
9268, LTE
9232,GSM 
9232, HSPA 
9232, LTE
9166,GSM 
9166, HSPA 
9166, LTE
9081,GSM 
9081, HSPA 
9081, LTE
9082,GSM 
9082, HSPA 
9082, LTE
8985,GSM 
8985, HSPA 
8985, LTE
8986,GSM 
8986, HSPA 
8986, LTE
8987,GSM 
8987, HSPA 
8987, LTE
8804,GSM 
8804, HSPA 
8804, LTE
8840,GSM 
8840, HSPA 
8840, LTE
8610,GSM 
8610, HSPA 
8610, LTE
8619,GSM 
8619, HSPA 
8619, LTE
8599,GSM 
8599, HSPA 
8599, LTE
8593,GSM 
8593, HSPA 
8593, LTE
8595,GSM 
8595, HSPA 
8595, LTE
8596,GSM 
8596, HSPA 
8596, LTE
8292,GSM 
8292, HSPA 
8292, LTE
8313,GSM 
8313, HSPA 
8313, LTE
8113,GSM 
8113, HSPA 
8113, LTE
8102,GSM 
8102, HSPA 
8102, LTE
7949,GSM 
7949, HSPA 
7949, LTE
7948,GSM 
7948, HSPA 
7948, LTE
7957,GSM 
7957, HSPA 
7957, LTE
7950,GSM 
7950, HSPA 
7950, LTE
7538,GSM 
7538, HSPA 
7538, LTE
7536,GSM 
7536, HSPA 
7536, LTE
7537,GSM 
7537, HSPA 
7537, LTE
7534,GSM 
7534, HSPA 
7534, LTE
7535,GSM 
7535, HSPA 
7535, LTE
7465,GSM 
7465, HSPA 
7465, LTE
7464,GSM 
7464, HSPA 
7464, LTE
7466,GSM 
7466, HSPA 
7466, LTE
7463,GSM 
7463, HSPA 
7463, LTE
7257,GSM 
7257, HSPA 
7257, LTE
6878,GSM 
6878, HSPA 
6878, LTE
7228,GSM 
7228, HSPA 
7228, LTE
7227,GSM 
7227, HSPA 
7227, LTE
7100,GSM 
7100, HSPA 
7100, LTE
7068,GSM 
7068, HSPA 
7068, LTE
7069,GSM 
7069, HSPA 
7069, LTE
7059,GSM 
7059, HSPA 
7059, LTE
7060,GSM 
7060, HSPA 
7060, LTE
7031,GSM 
7031, HSPA
6882,GSM 
6882, HSPA
6663,GSM 
6663, HSPA
6634,GSM 
6634, HSPA 
6634, LTE
6633,GSM 
6633, HSPA 
6633, LTE
6632,GSM 
6632, HSPA 
6632, LTE
6796,GSM 
6796, CDMA 
6796, HSPA 
6796, LTE
6539,GSM 
6539, HSPA 
6539, LTE
6582,GSM 
6582, HSPA 
6582, LTE
6538,GSM 
6538, HSPA 
6538, LTE
6489,GSM 
6489, HSPA
6488,GSM 
6488, HSPA 
6488, LTE
6456,GSM 
6456, HSPA 
6456, LTE
6408,GSM 
6408, HSPA 
6408, LTE
6146,GSM 
6146, HSPA 
6146, LTE
6162,GSM 
6162, HSPA
6145,GSM 
6145, HSPA 
6145, LTE
6161,No cellular connectivity
6144,GSM 
6144, HSPA 
6144, LTE
5967,GSM 
5967, HSPA
5966,GSM 
5966, HSPA
5968,GSM 
5968, HSPA
5950,GSM 
5950, HSPA 
5950, LTE
5753,GSM 
5753, HSPA 
5753, LTE
5596,GSM 
5596, HSPA 
5596, LTE
5540,GSM 
5540, HSPA 
5540, LTE
5541,GSM 
5541, HSPA
5497,GSM 
5497, HSPA
5421,GSM 
5421, HSPA 
5421, LTE
5363,GSM 
5363, HSPA
5364,GSM 
5364, HSPA 
5364, LTE
5204,GSM 
5204, HSPA 
5204, LTE
5203,GSM 
5203, HSPA 
5203, LTE
5148,GSM 
5148, HSPA
5149,GSM 
5149, HSPA
5015,GSM 
5015, HSPA 
5015, LTE
4958,GSM 
4958, HSPA 
4958, LTE
4930,GSM 
4930, HSPA
4959,GSM 
4959, HSPA
4899,GSM 
4899, HSPA
4894,GSM 
4894, HSPA
4832,GSM 
4832, HSPA
4718,GSM 
4718, HSPA
4831,GSM 
4831, HSPA
4782,GSM 
4782, HSPA
4781,GSM 
4781, HSPA
4775,GSM 
4775, HSPA 
4775, LTE
4774,GSM 
4774, HSPA 
4774, LTE
4773,GSM 
4773, HSPA
4772,GSM 
4772, HSPA 
4772, CDMA2000
4647,GSM 
4647, HSPA
4408,GSM 
4408, HSPA
4437,GSM 
4437, HSPA
4436,GSM 
4436, HSPA
4369,GSM 
4369, HSPA
4798,GSM 
4798, HSPA
4412,GSM 
4412, HSPA 
4412, LTE
12572,GSM 
12572, CDMA 
12572, HSPA 
12572, EVDO 
12572, LTE 
12572, 5G
12581,GSM 
12581, CDMA 
12581, HSPA 
12581, CDMA2000 
12581, LTE 
12581, 5G
12776,GSM 
12776, HSPA 
12776, LTE 
12776, 5G
12714,GSM 
12714, CDMA 
12714, HSPA 
12714, CDMA2000 
12714, LTE 
12714, 5G
12715,GSM 
12715, CDMA 
12715, HSPA 
12715, CDMA2000 
12715, LTE 
12715, 5G
12716,GSM 
12716, CDMA 
12716, HSPA 
12716, CDMA2000 
12716, LTE 
12716, 5G
12697,GSM 
12697, CDMA 
12697, HSPA 
12697, LTE 
12697, 5G
12689,GSM 
12689, HSPA 
12689, LTE
12684,GSM 
12684, HSPA 
12684, LTE
12388,GSM 
12388, HSPA 
12388, LTE 
12388, 5G
12389,GSM 
12389, HSPA 
12389, LTE 
12389, 5G
12582,GSM 
12582, CDMA 
12582, HSPA 
12582, CDMA2000 
12582, LTE 
12582, 5G
12470,GSM 
12470, CDMA 
12470, HSPA 
12470, CDMA2000 
12470, LTE 
12470, 5G
12245,GSM 
12245, CDMA 
12245, HSPA 
12245, EVDO 
12245, LTE 
12245, 5G
12134,GSM 
12134, CDMA 
12134, HSPA 
12134, CDMA2000 
12134, LTE 
12134, 5G
12257,GSM 
12257, HSPA 
12257, LTE 
12257, 5G
12258,GSM 
12258, HSPA 
12258, LTE 
12258, 5G
12218,GSM 
12218, HSPA 
12218, LTE
12209,GSM 
12209, HSPA 
12209, LTE
12181,GSM 
12181, HSPA 
12181, CDMA2000 
12181, LTE 
12181, 5G
12197,GSM 
12197, HSPA 
12197, LTE
12124,GSM 
12124, HSPA 
12124, LTE
12188,GSM 
12188, HSPA 
12188, LTE
12072,GSM 
12072, HSPA 
12072, LTE 
12072, 5G
12094,GSM 
12094, HSPA 
12094, LTE 
12094, 5G
12092,GSM 
12092, HSPA 
12092, LTE 
12092, 5G
12063,GSM 
12063, HSPA 
12063, LTE 
12063, 5G
12053,GSM 
12053, HSPA 
12053, LTE
12045,GSM 
12045, CDMA 
12045, HSPA 
12045, CDMA2000 
12045, LTE 
12045, 5G
12047,GSM 
12047, CDMA 
12047, HSPA 
12047, CDMA2000 
12047, LTE 
12047, 5G
11953,GSM 
11953, CDMA 
11953, HSPA 
11953, EVDO 
11953, LTE 
11953, 5G
11954,GSM 
11954, CDMA 
11954, HSPA 
11954, EVDO 
11954, LTE 
11954, 5G
11955,GSM 
11955, CDMA 
11955, HSPA 
11955, EVDO 
11955, LTE 
11955, 5G
11956,GSM 
11956, CDMA 
11956, HSPA 
11956, EVDO 
11956, LTE 
11956, 5G
11887,GSM 
11887, HSPA 
11887, LTE 
11887, 5G
11888,GSM 
11888, HSPA 
11888, LTE 
11888, 5G
11904,GSM 
11904, CDMA 
11904, HSPA 
11904, LTE 
11904, 5G
11909,GSM 
11909, HSPA 
11909, LTE
11906,GSM 
11906, CDMA 
11906, HSPA 
11906, CDMA2000 
11906, LTE 
11906, 5G
11855,GSM 
11855, HSPA 
11855, LTE
11834,GSM 
11834, HSPA 
11834, LTE 
11834, 5G
11848,GSM 
11848, HSPA 
11848, LTE
11832,GSM 
11832, HSPA 
11832, LTE
11850,GSM 
11850, HSPA 
11850, LTE
11869,GSM 
11869, HSPA 
11869, LTE
11819,GSM 
11819, HSPA 
11819, LTE
11762,GSM 
11762, HSPA 
11762, LTE 
11762, 5G
11580,GSM 
11580, CDMA 
11580, HSPA 
11580, CDMA2000 
11580, LTE 
11580, 5G
11472,GSM 
11472, HSPA 
11472, LTE 
11472, 5G
11652,GSM 
11652, CDMA 
11652, HSPA 
11652, EVDO 
11652, LTE 
11652, 5G
11551,GSM 
11551, CDMA 
11551, HSPA 
11551, EVDO 
11551, LTE 
11551, 5G
11519,GSM 
11519, HSPA 
11519, LTE
11427,GSM 
11427, HSPA 
11427, LTE 
11427, 5G
11479,GSM 
11479, HSPA 
11479, LTE 
11479, 5G
11487,GSM 
11487, CDMA 
11487, HSPA 
11487, CDMA2000 
11487, LTE 
11487, 5G
11453,GSM 
11453, CDMA 
11453, HSPA 
11453, EVDO 
11453, LTE 
11453, 5G
11454,GSM 
11454, CDMA 
11454, HSPA 
11454, LTE 
11454, 5G
11455,GSM 
11455, CDMA 
11455, HSPA 
11455, EVDO 
11455, LTE 
11455, 5G
11449,GSM 
11449, HSPA 
11449, CDMA2000 
11449, LTE
11419,GSM 
11419, HSPA 
11419, LTE 
11419, 5G
11425,GSM 
11425, HSPA 
11425, LTE 
11425, 5G
11180,GSM 
11180, CDMA 
11180, HSPA 
11180, EVDO 
11180, LTE 
11180, 5G
11372,GSM 
11372, CDMA 
11372, HSPA 
11372, CDMA2000 
11372, LTE 
11372, 5G
11430,GSM 
11430, CDMA 
11430, HSPA 
11430, CDMA2000 
11430, LTE 
11430, 5G
11431,GSM 
11431, CDMA 
11431, HSPA 
11431, CDMA2000 
11431, LTE 
11431, 5G
11287,GSM 
11287, CDMA 
11287, HSPA 
11287, EVDO 
11287, LTE 
11287, 5G
11285,GSM 
11285, CDMA 
11285, HSPA 
11285, EVDO 
11285, LTE 
11285, 5G
11292,GSM 
11292, CDMA 
11292, HSPA 
11292, EVDO 
11292, LTE 
11292, 5G
11412,GSM 
11412, HSPA 
11412, LTE 
11412, 5G
11395,GSM 
11395, CDMA 
11395, HSPA 
11395, CDMA2000 
11395, LTE 
11395, 5G
11396,GSM 
11396, CDMA 
11396, HSPA 
11396, EVDO 
11396, LTE 
11396, 5G
11371,GSM 
11371, HSPA 
11371, LTE 
11371, 5G
11388,GSM 
11388, HSPA 
11388, LTE
11362,GSM 
11362, CDMA 
11362, HSPA 
11362, CDMA2000 
11362, LTE 
11362, 5G
11357,GSM 
11357, HSPA 
11357, LTE
11333,GSM 
11333, HSPA 
11333, LTE 
11333, 5G
11334,GSM 
11334, HSPA 
11334, LTE
11335,GSM 
11335, HSPA 
11335, LTE
11336,GSM 
11336, HSPA 
11336, LTE
11186,GSM 
11186, HSPA 
11186, LTE 
11186, 5G
11241,GSM 
11241, CDMA 
11241, HSPA 
11241, LTE
11193,GSM 
11193, HSPA 
11193, LTE 
11193, 5G
11159,GSM 
11159, CDMA 
11159, HSPA 
11159, EVDO 
11159, LTE 
11159, 5G
11181,GSM 
11181, CDMA 
11181, HSPA 
11181, EVDO 
11181, LTE 
11181, 5G
11152,GSM 
11152, CDMA 
11152, HSPA 
11152, EVDO 
11152, LTE 
11152, 5G
11153,GSM 
11153, CDMA 
11153, HSPA 
11153, EVDO 
11153, LTE 
11153, 5G
11137,GSM 
11137, HSPA 
11137, LTE
11119,GSM 
11119, CDMA 
11119, HSPA 
11119, CDMA2000 
11119, LTE 
11119, 5G
11129,GSM 
11129, HSPA 
11129, LTE
11128,GSM 
11128, HSPA 
11128, LTE
11134,GSM 
11134, HSPA 
11134, LTE
11127,GSM 
11127, HSPA 
11127, LTE
11100,GSM 
11100, HSPA 
11100, LTE 
11100, 5G
11099,GSM 
11099, HSPA 
11099, LTE 
11099, 5G
11101,GSM 
11101, HSPA 
11101, LTE 
11101, 5G
11079,GSM 
11079, HSPA 
11079, LTE
11060,GSM 
11060, HSPA 
11060, LTE
11040,GSM 
11040, CDMA 
11040, HSPA 
11040, EVDO 
11040, LTE 
11040, 5G
10949,GSM 
10949, HSPA 
10949, LTE 
10949, 5G
11008,GSM 
11008, HSPA 
11008, LTE 
11008, 5G
10930,GSM 
10930, CDMA 
10930, HSPA 
10930, EVDO 
10930, LTE 
10930, 5G
10919,GSM 
10919, HSPA 
10919, LTE
10857,GSM 
10857, HSPA 
10857, LTE 
10857, 5G
10880,GSM 
10880, CDMA 
10880, HSPA 
10880, CDMA2000 
10880, LTE 
10880, 5G
10867,GSM 
10867, HSPA 
10867, LTE
10737,GSM 
10737, CDMA 
10737, HSPA 
10737, EVDO 
10737, LTE 
10737, 5G
10777,GSM 
10777, HSPA 
10777, LTE 
10777, 5G
10815,GSM 
10815, CDMA 
10815, HSPA 
10815, EVDO 
10815, LTE 
10815, 5G
10665,GSM 
10665, HSPA 
10665, LTE
10805,GSM 
10805, CDMA 
10805, HSPA 
10805, EVDO 
10805, LTE 
10805, 5G
10714,GSM 
10714, CDMA 
10714, HSPA 
10714, EVDO 
10714, LTE 
10714, 5G
10802,GSM 
10802, HSPA 
10802, LTE
10758,GSM 
10758, HSPA 
10758, LTE 
10758, 5G
10780,GSM 
10780, HSPA 
10780, LTE 
10780, 5G
10662,GSM 
10662, HSPA 
10662, LTE
10768,GSM 
10768, HSPA 
10768, LTE 
10768, 5G
10769,GSM 
10769, HSPA 
10769, LTE
10247,GSM 
10247, HSPA 
10247, LTE
10770,GSM 
10770, HSPA 
10770, LTE
10771,GSM 
10771, HSPA 
10771, LTE
10752,GSM 
10752, CDMA 
10752, HSPA 
10752, CDMA2000 
10752, LTE 
10752, 5G
10727,GSM 
10727, CDMA 
10727, HSPA 
10727, CDMA2000 
10727, LTE 
10727, 5G
10728,GSM 
10728, CDMA 
10728, HSPA 
10728, CDMA2000 
10728, LTE 
10728, 5G
10661,GSM 
10661, HSPA 
10661, LTE 
10661, 5G
10670,GSM 
10670, HSPA 
10670, LTE
10615,GSM 
10615, HSPA 
10615, LTE 
10615, 5G
10616,GSM 
10616, HSPA 
10616, LTE
10582,GSM 
10582, CDMA 
10582, HSPA 
10582, EVDO 
10582, LTE 
10582, 5G
10581,GSM 
10581, CDMA 
10581, HSPA 
10581, EVDO 
10581, LTE 
10581, 5G
10609,GSM 
10609, CDMA 
10609, HSPA 
10609, LTE
10599,GSM 
10599, HSPA 
10599, LTE
10517,GSM 
10517, CDMA 
10517, HSPA 
10517, EVDO 
10517, LTE 
10517, 5G
10437,GSM 
10437, HSPA 
10437, LTE 
10437, 5G
10473,GSM 
10473, HSPA 
10473, LTE 
10473, 5G
10480,GSM 
10480, HSPA 
10480, LTE 
10480, 5G
10591,GSM 
10591, HSPA 
10591, LTE
10399,GSM 
10399, HSPA 
10399, LTE
10461,GSM 
10461, HSPA 
10461, LTE
10415,GSM 
10415, HSPA 
10415, LTE
10398,GSM 
10398, HSPA 
10398, LTE
10361,GSM 
10361, CDMA 
10361, HSPA 
10361, EVDO 
10361, LTE 
10361, 5G
10349,GSM 
10349, CDMA 
10349, HSPA 
10349, EVDO 
10349, LTE 
10349, 5G
10350,GSM 
10350, CDMA 
10350, HSPA 
10350, EVDO 
10350, LTE 
10350, 5G
10318,GSM 
10318, HSPA 
10318, LTE
10279,GSM 
10279, HSPA 
10279, LTE
10277,GSM 
10277, HSPA 
10277, LTE
10278,GSM 
10278, HSPA 
10278, LTE
10233,GSM 
10233, HSPA 
10233, LTE
10267,GSM 
10267, CDMA 
10267, HSPA 
10267, LTE 
10267, 5G
10266,GSM 
10266, CDMA 
10266, HSPA 
10266, LTE 
10266, 5G
10202,GSM 
10202, CDMA 
10202, HSPA 
10202, LTE
10200,GSM 
10200, HSPA 
10200, LTE 
10200, 5G
10220,GSM 
10220, HSPA 
10220, LTE 
10220, 5G
10235,GSM 
10235, HSPA 
10235, LTE 
10235, 5G
10217,GSM 
10217, HSPA 
10217, LTE
10192,GSM 
10192, HSPA 
10192, LTE
10183,GSM 
10183, HSPA 
10183, LTE
10207,GSM 
10207, CDMA 
10207, HSPA 
10207, EVDO 
10207, LTE 
10207, 5G
10159,GSM 
10159, HSPA 
10159, LTE 
10159, 5G
10150,GSM 
10150, CDMA 
10150, HSPA 
10150, EVDO 
10150, LTE 
10150, 5G
10140,GSM 
10140, CDMA 
10140, HSPA 
10140, EVDO 
10140, LTE 
10140, 5G
10147,GSM 
10147, HSPA 
10147, LTE
10126,GSM 
10126, HSPA 
10126, LTE
10120,GSM 
10120, HSPA 
10120, LTE
10109,GSM 
10109, CDMA 
10109, HSPA 
10109, EVDO 
10109, LTE 
10109, 5G
10110,GSM 
10110, CDMA 
10110, HSPA 
10110, EVDO 
10110, LTE 
10110, 5G
10055,GSM 
10055, HSPA 
10055, LTE 
10055, 5G
10082,GSM 
10082, HSPA 
10082, LTE 
10082, 5G
10169,GSM 
10169, HSPA 
10169, LTE
10078,GSM 
10078, HSPA 
10078, LTE
9991,GSM 
9991, CDMA 
9991, HSPA 
9991, EVDO 
9991, LTE
9979,GSM 
9979, HSPA 
9979, LTE 
9979, 5G
9946,GSM 
9946, HSPA 
9946, LTE
9945,GSM 
9945, HSPA 
9945, LTE
9936,GSM 
9936, HSPA 
9936, LTE
9935,GSM 
9935, CDMA 
9935, HSPA 
9935, LTE
9800,GSM 
9800, HSPA 
9800, LTE
9897,GSM 
9897, HSPA 
9897, LTE
9892,GSM 
9892, CDMA 
9892, HSPA 
9892, LTE 
9892, 5G
9891,GSM 
9891, CDMA 
9891, HSPA 
9891, LTE
9884,GSM 
9884, CDMA 
9884, HSPA 
9884, LTE
9862,GSM 
9862, HSPA 
9862, LTE
9812,GSM 
9812, HSPA 
9812, LTE
9779,GSM 
9779, CDMA 
9779, HSPA 
9779, EVDO 
9779, LTE
9769,GSM 
9769, HSPA 
9769, LTE
9716,GSM 
9716, HSPA 
9716, LTE
9759,GSM 
9759, CDMA 
9759, HSPA 
9759, LTE
9749,GSM 
9749, CDMA 
9749, HSPA 
9749, LTE
9791,GSM 
9791, HSPA 
9791, LTE
9738,GSM 
9738, HSPA 
9738, LTE
9720,GSM 
9720, HSPA 
9720, LTE
9708,GSM 
9708, HSPA 
9708, LTE
9707,GSM 
9707, HSPA 
9707, LTE
9639,GSM 
9639, CDMA 
9639, HSPA 
9639, EVDO 
9639, LTE
9498,GSM 
9498, CDMA 
9498, HSPA 
9498, LTE
9521,GSM 
9521, HSPA 
9521, LTE
9602,GSM 
9602, CDMA 
9602, HSPA 
9602, EVDO 
9602, LTE 
9602, 5G
9584,GSM 
9584, CDMA 
9584, HSPA 
9584, LTE
9583,GSM 
9583, CDMA 
9583, HSPA 
9583, LTE
9507,GSM 
9507, CDMA 
9507, HSPA 
9507, LTE
9534,GSM 
9534, HSPA 
9534, LTE
9513,GSM 
9513, HSPA 
9513, LTE
9499,GSM 
9499, CDMA 
9499, HSPA 
9499, LTE
9382,GSM 
9382, CDMA 
9382, HSPA 
9382, EVDO 
9382, LTE
9378,GSM 
9378, CDMA 
9378, HSPA 
9378, EVDO 
9378, LTE
9333,GSM 
9333, HSPA 
9333, LTE
9329,GSM 
9329, CDMA 
9329, HSPA 
9329, LTE
9293,GSM 
9293, HSPA 
9293, LTE
9140,GSM 
9140, CDMA 
9140, HSPA 
9140, LTE
9247,GSM 
9247, CDMA 
9247, HSPA 
9247, LTE
8963,GSM 
8963, CDMA 
8963, HSPA 
8963, EVDO 
8963, LTE
9249,LTE
9237,GSM 
9237, CDMA 
9237, HSPA 
9237, LTE
9217,GSM 
9217, CDMA 
9217, HSPA 
9217, LTE
9219,GSM 
9219, CDMA 
9219, HSPA 
9219, LTE
9185,GSM 
9185, CDMA 
9185, HSPA 
9185, LTE
9067,GSM 
9067, CDMA 
9067, HSPA 
9067, EVDO 
9067, LTE
9120,GSM 
9120, CDMA 
9120, HSPA 
9120, LTE
8893,GSM 
8893, HSPA 
8893, LTE
9164,GSM 
9164, CDMA 
9164, HSPA 
9164, EVDO 
9164, LTE
8959,GSM 
8959, HSPA 
8959, LTE
8768,GSM 
8768, CDMA 
8768, HSPA 
8768, LTE
8898,GSM 
8898, CDMA 
8898, HSPA 
8898, LTE
8753,GSM 
8753, HSPA 
8753, LTE
8818,GSM 
8818, HSPA 
8818, LTE
8707,GSM 
8707, CDMA 
8707, HSPA 
8707, EVDO 
8707, LTE
8529,GSM 
8529, CDMA 
8529, HSPA 
8529, EVDO 
8529, LTE
8776,GSM 
8776, HSPA 
8776, LTE
8582,GSM 
8582, CDMA 
8582, HSPA 
8582, EVDO 
8582, LTE
8608,GSM 
8608, HSPA 
8608, LTE
8477,No cellular connectivity
8439,GSM 
8439, LTE
8580,GSM 
8580, CDMA 
8580, HSPA 
8580, LTE
8531,GSM 
8531, HSPA 
8531, LTE
8420,GSM 
8420, HSPA 
8420, LTE
8419,GSM 
8419, CDMA 
8419, HSPA 
8419, EVDO 
8419, LTE
8263,GSM 
8263, CDMA 
8263, HSPA 
8263, EVDO 
8263, LTE
8400,GSM 
8400, HSPA 
8400, LTE
8014,GSM 
8014, HSPA 
8014, LTE
8350,GSM 
8350, CDMA 
8350, HSPA 
8350, EVDO 
8350, LTE
7260,GSM 
7260, CDMA 
7260, HSPA 
7260, EVDO 
7260, LTE
8291,GSM 
8291, CDMA 
8291, HSPA 
8291, LTE
8233,GSM 
8233, CDMA 
8233, HSPA 
8233, EVDO 
8233, LTE
8212,GSM 
8212, CDMA 
8212, HSPA 
8212, EVDO 
8212, LTE
8250,GSM 
8250, HSPA 
8250, LTE
8150,GSM 
8150, HSPA 
8150, LTE
8007,GSM 
8007, CDMA 
8007, HSPA 
8007, EVDO 
8007, LTE
7962,GSM 
7962, CDMA 
7962, HSPA 
7962, LTE
7863,GSM 
7863, HSPA 
7863, LTE
7862,GSM 
7862, CDMA 
7862, HSPA 
7862, EVDO 
7862, LTE
7822,GSM 
7822, HSPA 
7822, LTE
7769,GSM 
7769, HSPA 
7769, LTE
7512,GSM 
7512, HSPA 
7512, LTE
6992,GSM 
6992, HSPA 
6992, LTE
7710,GSM 
7710, HSPA 
7710, LTE
7480,GSM 
7480, HSPA 
7480, LTE
7211,GSM 
7211, HSPA 
7211, LTE
6952,GSM 
6952, HSPA 
6952, LTE
6944,GSM 
6944, HSPA 
6944, LTE
7159,GSM 
7159, HSPA 
7159, LTE
6884,GSM 
6884, HSPA 
6884, LTE
6866,GSM 
6866, HSPA 
6866, LTE
6561,GSM 
6561, HSPA 
6561, LTE
6518,GSM 
6518, CDMA 
6518, HSPA 
6518, EVDO 
6518, LTE
6365,No cellular connectivity
6217,GSM 
6217, HSPA
5678,GSM 
5678, HSPA
6373,GSM 
6373, HSPA
5609,GSM 
5609, HSPA
5397,GSM 
5397, HSPA
4928,GSM 
4928, HSPA
4929,GSM 
4929, HSPA
12751,GSM 
12751, CDMA 
12751, HSPA 
12751, CDMA2000 
12751, LTE 
12751, 5G
12708,GSM 
12708, CDMA 
12708, HSPA 
12708, EVDO 
12708, LTE 
12708, 5G
12712,GSM 
12712, HSPA 
12712, LTE
12613,GSM 
12613, HSPA 
12613, LTE 
12613, 5G
12612,GSM 
12612, HSPA 
12612, LTE
12611,GSM 
12611, HSPA 
12611, LTE 
12611, 5G
12435,GSM 
12435, HSPA 
12435, LTE 
12435, 5G
12428,GSM 
12428, CDMA 
12428, HSPA 
12428, EVDO 
12428, LTE 
12428, 5G
12399,GSM 
12399, CDMA 
12399, HSPA 
12399, EVDO 
12399, LTE 
12399, 5G
12398,GSM 
12398, CDMA 
12398, HSPA 
12398, EVDO 
12398, LTE 
12398, 5G
12455,GSM 
12455, HSPA 
12455, LTE
12157,GSM 
12157, CDMA 
12157, HSPA 
12157, CDMA2000 
12157, LTE 
12157, 5G
12096,GSM 
12096, HSPA 
12096, LTE
12042,GSM 
12042, CDMA 
12042, HSPA 
12042, EVDO 
12042, LTE 
12042, 5G
12015,GSM 
12015, CDMA 
12015, HSPA 
12015, EVDO 
12015, LTE 
12015, 5G
12006,GSM 
12006, CDMA 
12006, HSPA 
12006, LTE 
12006, 5G
12005,GSM 
12005, CDMA 
12005, HSPA 
12005, CDMA2000 
12005, LTE 
12005, 5G
11944,GSM 
11944, HSPA 
11944, LTE
11917,GSM 
11917, HSPA 
11917, LTE
11698,GSM 
11698, CDMA 
11698, HSPA 
11698, LTE 
11698, 5G
11649,GSM 
11649, CDMA 
11649, HSPA 
11649, EVDO 
11649, LTE 
11649, 5G
11664,GSM 
11664, CDMA 
11664, HSPA 
11664, EVDO 
11664, LTE 
11664, 5G
11660,GSM 
11660, HSPA 
11660, LTE
11958,GSM 
11958, HSPA 
11958, LTE 
11958, 5G
11612,GSM 
11612, HSPA 
11612, LTE
11611,GSM 
11611, HSPA 
11611, LTE
11516,GSM 
11516, CDMA 
11516, HSPA 
11516, LTE 
11516, 5G
11379,GSM 
11379, CDMA 
11379, HSPA 
11379, LTE 
11379, 5G
11579,GSM 
11579, HSPA 
11579, LTE
11364,GSM 
11364, CDMA 
11364, HSPA 
11364, EVDO 
11364, LTE 
11364, 5G
11363,GSM 
11363, CDMA 
11363, HSPA 
11363, EVDO 
11363, LTE 
11363, 5G
11700,GSM 
11700, HSPA 
11700, LTE
11243,GSM 
11243, CDMA 
11243, HSPA 
11243, LTE 
11243, 5G
11240,GSM 
11240, HSPA 
11240, LTE
11946,GSM 
11946, HSPA 
11946, LTE
11203,GSM 
11203, HSPA
11083,GSM 
11083, CDMA 
11083, HSPA 
11083, EVDO 
11083, LTE 
11083, 5G
11082,GSM 
11082, CDMA 
11082, HSPA 
11082, EVDO 
11082, LTE 
11082, 5G
11009,GSM 
11009, HSPA 
11009, LTE
10929,GSM 
10929, CDMA 
10929, HSPA 
10929, CDMA2000 
10929, LTE 
10929, 5G
10914,GSM 
10914, CDMA 
10914, HSPA 
10914, LTE 
10914, 5G
10885,GSM 
10885, HSPA 
10885, LTE
10837,GSM 
10837, CDMA 
10837, HSPA 
10837, LTE 
10837, 5G
10858,GSM 
10858, CDMA 
10858, HSPA 
10858, LTE 
10858, 5G
10798,GSM 
10798, CDMA 
10798, HSPA 
10798, LTE 
10798, 5G
10820,GSM 
10820, HSPA 
10820, LTE 
10820, 5G
10821,GSM 
10821, HSPA 
10821, LTE 
10821, 5G
10772,GSM 
10772, CDMA 
10772, HSPA 
10772, EVDO 
10772, LTE 
10772, 5G
10706,GSM 
10706, HSPA 
10706, LTE 
10706, 5G
10613,GSM 
10613, CDMA 
10613, HSPA 
10613, LTE 
10613, 5G
10614,GSM 
10614, CDMA 
10614, HSPA 
10614, LTE 
10614, 5G
10571,GSM 
10571, HSPA 
10571, LTE
10567,GSM 
10567, CDMA 
10567, HSPA 
10567, LTE 
10567, 5G
11728,GSM 
11728, HSPA 
11728, LTE
11197,GSM 
11197, HSPA 
11197, LTE
11729,GSM 
11729, CDMA 
11729, HSPA 
11729, LTE
11723,GSM 
11723, HSPA 
11723, LTE
10339,GSM 
10339, CDMA 
10339, HSPA 
10339, EVDO 
10339, LTE 
10339, 5G
10282,GSM 
10282, HSPA 
10282, LTE 
10282, 5G
10281,GSM 
10281, CDMA 
10281, HSPA 
10281, LTE 
10281, 5G
11725,GSM 
11725, HSPA 
11725, LTE
11724,GSM 
11724, HSPA 
11724, LTE
10193,GSM 
10193, CDMA 
10193, HSPA 
10193, LTE 
10193, 5G
10284,GSM 
10284, HSPA 
10284, LTE
10139,GSM 
10139, CDMA 
10139, HSPA 
10139, LTE 
10139, 5G
11705,GSM 
11705, HSPA 
11705, LTE
10070,GSM 
10070, CDMA 
10070, HSPA 
10070, EVDO 
10070, LTE
9955,GSM 
9955, HSPA 
9955, LTE
9954,GSM 
9954, HSPA 
9954, LTE
9921,GSM 
9921, CDMA 
9921, HSPA 
9921, EVDO 
9921, LTE
9839,GSM 
9839, CDMA 
9839, HSPA 
9839, EVDO 
9839, LTE
9780,GSM 
9780, CDMA 
9780, HSPA 
9780, EVDO 
9780, LTE
9712,GSM 
9712, HSPA 
9712, LTE
9713,GSM 
9713, HSPA 
9713, LTE
9714,GSM 
9714, HSPA
9692,GSM 
9692, CDMA 
9692, HSPA 
9692, EVDO 
9692, LTE
9610,GSM 
9610, CDMA 
9610, HSPA 
9610, LTE 
9610, 5G
9695,GSM 
9695, CDMA 
9695, HSPA 
9695, LTE
9433,GSM 
9433, CDMA 
9433, HSPA 
9433, EVDO 
9433, LTE
9347,GSM 
9347, CDMA 
9347, HSPA 
9347, EVDO 
9347, LTE
9171,GSM 
9171, CDMA 
9171, HSPA 
9171, EVDO 
9171, LTE
9174,GSM 
9174, CDMA 
9174, HSPA 
9174, EVDO 
9174, LTE
9701,GSM 
9701, HSPA 
9701, LTE
9697,GSM 
9697, CDMA 
9697, HSPA 
9697, LTE
9161,GSM 
9161, CDMA 
9161, HSPA 
9161, EVDO 
9161, LTE
9133,GSM 
9133, CDMA 
9133, HSPA 
9133, LTE
9110,GSM 
9110, CDMA 
9110, HSPA 
9110, LTE
9088,GSM 
9088, HSPA 
9088, LTE
8971,GSM 
8971, HSPA 
8971, LTE
9038,GSM 
9038, HSPA 
9038, LTE
8970,GSM 
8970, HSPA 
8970, LTE
9033,GSM 
9033, HSPA 
9033, LTE
8913,GSM 
8913, HSPA 
8913, LTE
8902,GSM 
8902, HSPA 
8902, LTE
8901,GSM 
8901, CDMA 
8901, HSPA 
8901, EVDO 
8901, LTE
8896,GSM 
8896, CDMA 
8896, HSPA 
8896, EVDO 
8896, LTE
8838,GSM 
8838, CDMA 
8838, HSPA 
8838, LTE
8290,GSM 
8290, HSPA 
8290, LTE
8895,GSM 
8895, CDMA 
8895, HSPA 
8895, LTE
8894,GSM 
8894, CDMA 
8894, HSPA 
8894, LTE
8793,GSM 
8793, HSPA 
8793, LTE
8779,GSM 
8779, HSPA 
8779, LTE
8752,GSM 
8752, HSPA 
8752, LTE
8748,GSM 
8748, CDMA 
8748, HSPA 
8748, LTE
8746,GSM 
8746, CDMA 
8746, HSPA 
8746, LTE
8747,GSM 
8747, CDMA 
8747, HSPA 
8747, LTE
8677,GSM 
8677, CDMA 
8677, HSPA 
8677, LTE
8658,GSM 
8658, CDMA 
8658, HSPA 
8658, EVDO 
8658, LTE
8660,GSM 
8660, HSPA 
8660, LTE
8615,GSM 
8615, HSPA 
8615, LTE
8609,GSM 
8609, HSPA 
8609, LTE
8607,GSM 
8607, HSPA 
8607, LTE
8600,GSM 
8600, HSPA 
8600, LTE
8601,GSM 
8601, HSPA 
8601, LTE
8562,GSM 
8562, HSPA 
8562, LTE
8504,GSM 
8504, HSPA 
8504, LTE
8501,GSM 
8501, HSPA 
8501, LTE
8401,GSM 
8401, CDMA 
8401, HSPA 
8401, EVDO 
8401, LTE
8638,GSM 
8638, HSPA 
8638, LTE
8387,GSM 
8387, CDMA 
8387, HSPA 
8387, LTE
8232,GSM 
8232, CDMA 
8232, HSPA 
8232, LTE
8300,GSM 
8300, HSPA 
8300, LTE
8182,GSM 
8182, CDMA 
8182, HSPA 
8182, EVDO 
8182, LTE
8092,GSM 
8092, CDMA 
8092, HSPA 
8092, EVDO 
8092, LTE
8067,GSM 
8067, CDMA 
8067, HSPA 
8067, LTE
8091,GSM 
8091, HSPA 
8091, LTE
8548,GSM 
8548, UMTS 
8548, HSPA 
8548, LTE
8044,GSM 
8044, CDMA 
8044, HSPA 
8044, LTE
8063,GSM 
8063, HSPA
7963,GSM 
7963, HSPA 
7963, LTE
8293,GSM 
8293, HSPA 
8293, LTE
7943,GSM 
7943, HSPA 
7943, LTE
9152,GSM 
9152, HSPA 
9152, LTE
8143,GSM 
8143, CDMA 
8143, HSPA 
8143, CDMA2000 
8143, LTE
7944,GSM 
7944, HSPA 
7944, LTE
7868,GSM 
7868, HSPA 
7868, LTE
7852,GSM 
7852, HSPA 
7852, LTE
7853,GSM 
7853, HSPA 
7853, LTE
7761,GSM 
7761, HSPA 
7761, LTE
7686,GSM 
7686, HSPA 
7686, LTE
7670,GSM 
7670, HSPA 
7670, LTE
7646,GSM 
7646, HSPA 
7646, LTE
7572,GSM 
7572, HSPA 
7572, LTE
7485,GSM 
7485, HSPA 
7485, LTE
7441,GSM 
7441, CDMA 
7441, HSPA 
7441, LTE
7430,GSM 
7430, HSPA 
7430, LTE
7428,GSM 
7428, HSPA 
7428, LTE
7422,GSM 
7422, HSPA 
7422, LTE
8114,GSM 
8114, HSPA 
8114, LTE
7481,GSM 
7481, HSPA 
7481, LTE
7656,GSM 
7656, HSPA 
7656, LTE
7790,GSM 
7790, HSPA 
7790, LTE
7355,GSM 
7355, HSPA 
7355, LTE
8244,GSM 
8244, HSPA
7294,GSM 
7294, HSPA 
7294, LTE
7207,GSM 
7207, CDMA 
7207, HSPA 
7207, LTE
7168,GSM 
7168, HSPA 
7168, LTE
7116,GSM 
7116, CDMA 
7116, HSPA 
7116, LTE
7149,GSM 
7149, CDMA 
7149, HSPA 
7149, LTE
7891,GSM 
7891, HSPA
7057,GSM 
7057, HSPA
7058,GSM 
7058, HSPA
7056,GSM 
7056, HSPA 
7056, LTE
6954,GSM 
6954, HSPA 
6954, LTE
6914,GSM 
6914, HSPA 
6914, LTE
6898,GSM 
6898, HSPA 
6898, LTE
6847,GSM 
6847, CDMA 
6847, HSPA 
6847, EVDO
6697,GSM 
6697, HSPA 
6697, LTE
6641,GSM 
6641, HSPA
6607,GSM 
6607, HSPA 
6607, LTE
6491,GSM 
6491, HSPA 
6491, LTE
6492,GSM 
6492, HSPA 
6492, LTE
6367,GSM 
6367, HSPA
6579,GSM 
6579, HSPA
6381,GSM 
6381, HSPA
6324,GSM 
6324, HSPA 
6324, LTE
6236,GSM 
6236, CDMA 
6236, HSPA 
6236, EVDO 
6236, LTE
6155,GSM 
6155, HSPA
5948,GSM 
5948, HSPA 
5948, LTE
5852,GSM 
5852, HSPA 
5852, LTE
5853,GSM 
5853, CDMA 
5853, HSPA 
5853, EVDO
5834,GSM 
5834, HSPA 
5834, LTE
5755,CDMA 
5755, EVDO 
5755, LTE
5620,GSM 
5620, HSPA
5659,CDMA 
5659, EVDO
5511,CDMA 
5511, EVDO 
5511, LTE
5499,GSM 
5499, HSPA
5376,GSM 
5376, HSPA
5330,GSM 
5330, HSPA 
5330, LTE
5470,CDMA 
5470, EVDO
5240,GSM 
5240, HSPA 
5240, EVDO 
5240, LTE
5173,CDMA 
5173, EVDO 
5173, LTE
5133,CDMA 
5133, EVDO
5647,GSM 
5647, CDMA 
5647, HSPA
4893,CDMA 
4893, EVDO 
4893, LTE
5004,GSM 
5004, HSPA
4983,GSM 
4983, HSPA
4962,GSM 
4962, HSPA
4873,GSM 
4873, HSPA 
4873, LTE
4597,GSM 
4597, HSPA
4585,GSM 
4585, CDMA 
4585, HSPA 
4585, EVDO
4586,GSM
4598,GSM 
4598, HSPA
4608,GSM 
4608, HSPA
4506,CDMA 
4506, EVDO
4467,GSM 
4467, HSPA
4304,GSM 
4304, HSPA
4290,GSM 
4290, HSPA
3391,GSM 
3391, HSPA
