device_id,s_num
7095,unspecified
6936,unspecified
6934,Single
6934,Dual
6933,Single
6933,Dual
6979,Single
6979,Dual
6774,unspecified
6773,unspecified
6732,unspecified
6712,Dual
6657,Dual
6656,unspecified
7154,unspecified
7153,unspecified
6655,unspecified
6654,unspecified
6653,unspecified
6619,Single
6619,Dual
6599,unspecified
6516,Single
6516,Dual
6153,Single
6153,Dual
6152,unspecified
6151,unspecified
6139,unspecified
6138,unspecified
6134,unspecified
6130,Single
6130,Dual
6135,unspecified
6131,Single
6131,Dual
6132,unspecified
5937,Dual
5938,Dual
5741,unspecified
5740,unspecified
5693,Single
5693,Dual
5692,Single
5692,Dual
5687,Single
5687,Dual
5691,Single
5691,Dual
5671,unspecified
5672,Single
5672,Dual
5668,unspecified
5669,Dual
5449,unspecified
5681,Single
5681,Dual
5318,Single
5318,Dual
5319,unspecified
5332,Single
5332,Dual
5231,unspecified
5230,Single
5230,Dual
5229,unspecified
5228,unspecified
5242,Single
5242,Dual
5226,unspecified
5218,unspecified
5139,unspecified
5110,Dual
5165,unspecified
5080,unspecified
4663,unspecified
4661,unspecified
4659,unspecified
4528,Dual
12558,Dual
12559,Dual
11773,Dual
11860,Dual
11862,Dual
11861,Dual
11410,unspecified
11089,Dual
11102,Dual
11103,Dual
11104,Dual
10237,Dual
10508,Dual
10509,Dual
10510,Dual
10170,unspecified
9846,Dual
9847,Dual
9848,Dual
9319,Dual
9318,unspecified
9320,Dual
8858,unspecified
8131,unspecified
8573,unspecified
8065,unspecified
8064,unspecified
7969,unspecified
7243,unspecified
7242,unspecified
6665,unspecified
6378,unspecified
5685,unspecified
5690,unspecified
5070,unspecified
5061,unspecified
4910,unspecified
4212,unspecified
3275,unspecified
3716,unspecified
12380,Dual
11656,Dual
10892,Dual
10893,Dual
10393,Dual
10379,Dual
10296,Dual
10328,Dual
9770,Dual
9698,Dual
9634,Dual
9633,Dual
9410,Dual
9373,Dual
9372,Dual
9224,Dual
9194,Dual
9173,Dual
9096,Dual
9061,Dual
9068,Dual
9097,Dual
8953,Dual
8866,Dual
8783,Dual
8782,Dual
8892,Dual
8862,Dual
8808,Dual
8784,Dual
8811,Dual
8814,Dual
8810,Dual
8749,Dual
8801,unspecified
8681,Dual
8579,Dual
8550,Dual
8502,Dual
8509,Dual
8503,Dual
8493,unspecified
8467,Dual
8425,Dual
8384,Dual
8218,unspecified
8207,Dual
8206,Dual
8197,Dual
8156,Dual
8130,Dual
8129,Dual
8106,Dual
8111,Dual
8262,Dual
8097,Dual
8095,Dual
8045,Dual
8048,Dual
7866,Dual
7733,Dual
7577,unspecified
7368,Dual
7476,Dual
7475,Dual
7479,Dual
7757,Dual
7477,Dual
7478,Dual
7474,Dual
7473,unspecified
7444,unspecified
7378,Dual
7255,unspecified
7256,unspecified
7261,Dual
7044,unspecified
7120,Dual
6917,Dual
7045,unspecified
6982,Dual
6953,Dual
6918,Dual
6897,Dual
6737,unspecified
6630,unspecified
6629,unspecified
6429,Single
6429,Dual
6428,Single
6428,Dual
6414,unspecified
6413,unspecified
6412,unspecified
6394,Single
6394,Dual
6519,unspecified
6238,unspecified
6120,unspecified
6853,Dual
5953,Dual
7160,Dual
5952,Dual
5891,Dual
5706,unspecified
5675,unspecified
5674,unspecified
5494,unspecified
5329,unspecified
5328,unspecified
5249,unspecified
5091,unspecified
5017,unspecified
4850,unspecified
4422,unspecified
3965,unspecified
12603,Dual
12459,Dual
12458,Dual
12457,Dual
12456,Dual
12153,Dual
12102,Dual
11830,Dual
11829,Dual
11828,Dual
11757,Dual
11716,Dual
11715,Dual
11673,Dual
11672,Dual
11643,Dual
11509,Dual
11368,unspecified
11348,Dual
11319,Dual
11318,Dual
11258,unspecified
11096,unspecified
11095,Dual
11094,Dual
11073,Dual
10934,Dual
10935,Dual
10781,Dual
10745,Dual
10741,Dual
10730,Dual
10729,Dual
10731,Dual
10732,Dual
10607,Dual
10535,Dual
10537,Dual
10538,Dual
10540,Dual
10539,Dual
10470,Dual
10453,Dual
10403,Dual
10359,Dual
10313,Dual
10312,Dual
10160,Dual
10107,Dual
10106,Dual
10105,Dual
10047,Dual
10046,Dual
10045,Dual
9967,Dual
9930,Dual
9929,Dual
9855,Dual
9877,Dual
9876,Dual
9718,Dual
9597,Dual
9542,Dual
9482,Dual
9470,Dual
9360,Dual
9325,Dual
9314,Dual
9307,Dual
9302,Dual
9301,Dual
9277,Dual
9254,Dual
9253,Dual
9223,Dual
9184,Dual
9165,Dual
9154,Dual
9146,Dual
9131,Dual
9072,Dual
9064,Dual
9063,Dual
9007,Dual
8835,Dual
8621,Dual
7892,Dual
7558,Dual
7523,Dual
6928,Dual
6927,Dual
6925,Dual
6924,unspecified
6900,Dual
6899,unspecified
6838,unspecified
6835,Dual
6669,Dual
6565,Dual
6567,Dual
6406,unspecified
6405,Dual
6346,unspecified
6330,Dual
6277,Dual
6276,Dual
6244,Dual
6243,Dual
6242,Dual
6041,unspecified
5986,unspecified
5957,unspecified
5956,Dual
5955,Dual
5954,Dual
5935,Dual
5920,unspecified
5909,Dual
5908,Dual
5873,unspecified
5761,Dual
5661,Dual
5660,Dual
5662,Dual
5593,Dual
5489,Dual
5458,Dual
5459,Dual
5460,Dual
5411,Dual
5360,Dual
5358,Dual
5359,Dual
5295,Dual
5282,unspecified
5281,unspecified
5209,Dual
5208,Dual
5206,Dual
5205,unspecified
5202,unspecified
5201,unspecified
5023,Dual
4947,Dual
4946,Dual
4901,Dual
4370,Dual
4224,unspecified
3548,unspecified
12454,Dual
12269,Dual
12522,Dual
12523,Dual
11948,Dual
11642,Dual
10790,Dual
10681,Dual
10529,Dual
10594,Dual
10357,Dual
10593,Dual
10592,Dual
10595,Dual
10297,Dual
9965,Dual
9924,Dual
9797,Dual
9735,Dual
9734,Dual
9487,Dual
9179,Single
9179,Dual
9119,Single
9119,Dual
9102,Dual
9071,Single
9071,Dual
8990,Dual
8908,Single
8908,Dual
8885,Single
8885,Dual
8630,Single
8630,Dual
8519,Dual
8518,Dual
8404,unspecified
8444,Single
8444,Dual
8277,Dual
8884,Dual
8297,unspecified
8276,Dual
8633,Dual
8128,Dual
8086,unspecified
8066,Dual
8072,unspecified
8031,unspecified
7884,unspecified
7942,Single
7942,Dual
7941,Dual
7940,unspecified
8348,unspecified
7836,Dual
7758,unspecified
7731,Dual
7753,Dual
7627,Dual
7592,unspecified
7591,unspecified
7576,unspecified
7418,unspecified
7419,unspecified
7275,Dual
7267,Dual
7194,Dual
6977,unspecified
7165,unspecified
7111,Dual
7310,Dual
6891,unspecified
7115,Dual
7183,Dual
6968,Single
6968,Dual
6947,Dual
6921,Dual
6913,unspecified
6841,Dual
6830,Single
6830,Dual
6736,Dual
6713,unspecified
6715,unspecified
6719,unspecified
6854,Dual
6637,Dual
6636,unspecified
6621,unspecified
6608,unspecified
6589,unspecified
6588,unspecified
6581,unspecified
6528,unspecified
6483,Dual
6463,Dual
6397,Single
6397,Dual
6345,unspecified
6234,Dual
6316,Dual
6233,unspecified
6074,unspecified
6009,unspecified
6487,Dual
6073,unspecified
6160,unspecified
5907,Dual
6552,Dual
5870,Dual
5871,Dual
5704,unspecified
5666,unspecified
5667,unspecified
5623,Single
5623,Dual
5505,unspecified
5547,unspecified
5537,unspecified
5536,unspecified
5465,Dual
5395,unspecified
5498,Dual
5313,unspecified
5261,Dual
5118,unspecified
5113,unspecified
5106,unspecified
5105,unspecified
5100,Dual
5016,unspecified
4976,unspecified
5104,unspecified
4975,unspecified
5000,unspecified
4980,unspecified
4979,unspecified
4951,Single
4951,Dual
4830,unspecified
5861,Dual
4829,Dual
4805,Dual
4759,unspecified
4997,unspecified
4744,unspecified
4665,unspecified
4977,unspecified
4320,unspecified
4614,unspecified
4572,unspecified
4836,unspecified
4574,unspecified
4575,unspecified
4525,unspecified
4435,unspecified
4099,unspecified
4302,unspecified
4202,unspecified
4161,unspecified
4102,unspecified
4097,unspecified
3958,unspecified
4132,unspecified
4285,unspecified
4196,unspecified
4164,unspecified
4027,unspecified
4131,unspecified
4070,unspecified
4022,unspecified
3964,unspecified
3938,unspecified
3922,unspecified
3901,unspecified
3875,unspecified
3895,unspecified
3887,unspecified
3739,unspecified
3788,unspecified
3776,unspecified
3777,unspecified
3786,unspecified
3787,unspecified
3829,unspecified
3953,unspecified
3896,unspecified
3706,unspecified
3703,unspecified
3702,unspecified
3585,unspecified
3338,unspecified
3576,unspecified
3557,unspecified
3530,unspecified
3118,unspecified
3556,unspecified
3468,unspecified
3421,unspecified
5058,unspecified
3392,unspecified
3577,unspecified
3337,unspecified
3163,unspecified
3077,unspecified
3141,unspecified
3069,unspecified
3427,unspecified
12720,Dual
12648,Dual
12585,Dual
12530,Dual
12259,Single
12259,Dual
12020,Dual
11918,Single
11918,Dual
11858,Single
11858,Dual
11856,Single
11856,Dual
11641,Single
11641,Dual
11489,Single
11489,Dual
11247,Dual
11328,Single
11328,Dual
11177,Dual
11120,Dual
11121,Single
11121,Dual
11048,Single
11048,Dual
11030,Dual
10755,Dual
10642,Dual
10645,Dual
10652,Dual
10579,Dual
10551,Single
10551,Dual
10550,Single
10550,Dual
10555,Dual
10519,Dual
10546,Dual
10475,Dual
10429,Dual
10417,Dual
10418,Dual
10299,Dual
10252,Dual
10292,Dual
10249,Dual
10236,Dual
10219,Single
10219,Dual
10231,unspecified
10227,Single
10227,Dual
10222,Single
10222,Dual
10223,Single
10223,Dual
10212,Dual
10203,Dual
10204,Single
10204,Dual
10205,Dual
11010,Dual
10153,Dual
10112,Dual
10073,Dual
10074,Dual
10012,Dual
9799,Dual
9956,Dual
9922,Dual
9933,Dual
9905,Dual
9887,Dual
9880,Dual
9885,Single
9885,Dual
9881,Dual
9886,Single
9886,Dual
9765,Dual
9830,Dual
9803,Dual
9823,unspecified
9747,unspecified
9746,Dual
9728,Dual
9742,Single
9742,Dual
9694,Single
9694,Dual
9705,Dual
9635,Single
9635,Dual
9530,Single
9530,Dual
9545,Single
9545,Dual
9627,Dual
9675,Single
9675,Dual
9645,Dual
9644,Dual
9643,Dual
9668,unspecified
9576,Dual
9620,Dual
9625,Dual
9531,Dual
9500,Dual
9501,Single
9501,Dual
9409,Dual
9466,Dual
9368,Single
9368,Dual
9369,Dual
9343,Single
9343,Dual
9367,Single
9367,Dual
9324,Single
9324,Dual
9284,Single
9284,Dual
9272,Dual
9632,Dual
9267,Single
9267,Dual
9209,Single
9209,Dual
9196,Single
9196,Dual
9502,Dual
9162,Dual
9141,Dual
9106,Single
9106,Dual
9107,Single
9107,Dual
9098,Single
9098,Dual
9188,Dual
9114,Dual
9265,Single
9265,Dual
9112,Dual
9092,unspecified
8961,Single
8961,Dual
8943,Dual
8899,Dual
8854,Single
8854,Dual
8877,Single
8877,Dual
8857,Single
8857,Dual
8833,Dual
8632,Dual
8715,unspecified
8637,unspecified
8703,Single
8703,Dual
8672,Single
8672,Dual
8663,Single
8663,Dual
8578,unspecified
8635,unspecified
8687,Single
8687,Dual
8695,Single
8695,Dual
8640,Dual
8686,Dual
8515,Single
8515,Dual
8514,Single
8514,Dual
8598,Single
8598,Dual
8516,Dual
8458,Dual
8396,Single
8396,Dual
8415,Dual
8073,Single
8073,Dual
8402,Dual
8315,unspecified
8312,Single
8312,Dual
8284,Single
8284,Dual
8302,Dual
8301,unspecified
8285,Dual
8138,unspecified
8084,Dual
8037,Dual
8036,Dual
7983,Dual
7745,Single
7745,Dual
7972,Single
7972,Dual
7793,Dual
7239,Dual
7744,Dual
7647,Dual
7588,unspecified
7533,Single
7533,Dual
7440,Dual
7309,unspecified
7829,Single
7829,Dual
7206,Dual
7279,Dual
7201,Dual
7200,Dual
7006,Dual
7187,unspecified
7075,Dual
7076,Single
7076,Dual
7077,Dual
6909,unspecified
6908,Single
6908,Dual
6896,Dual
6869,Dual
7308,unspecified
6705,unspecified
6677,unspecified
6676,unspecified
6646,unspecified
6543,Dual
6678,unspecified
6499,unspecified
6493,unspecified
6124,Single
6124,Dual
6332,unspecified
6290,Dual
6278,unspecified
6168,unspecified
6136,unspecified
6137,unspecified
6129,unspecified
6103,unspecified
5981,unspecified
5979,Dual
5949,unspecified
5936,unspecified
5921,unspecified
5840,unspecified
5910,Dual
5485,unspecified
5633,Dual
5699,Dual
5632,Dual
5698,unspecified
5539,unspecified
5467,Single
5467,Dual
5386,unspecified
5382,unspecified
5365,Dual
5267,unspecified
5257,unspecified
5327,unspecified
5648,unspecified
5439,unspecified
5065,unspecified
5237,unspecified
5164,unspecified
5250,Single
5250,Dual
5141,Dual
5112,unspecified
5077,unspecified
5068,unspecified
5022,unspecified
5020,unspecified
4963,unspecified
4966,unspecified
4882,unspecified
4839,unspecified
4838,unspecified
5383,Dual
4594,unspecified
4410,unspecified
5002,unspecified
4570,unspecified
4569,unspecified
4568,unspecified
4409,unspecified
4381,unspecified
4264,unspecified
4265,unspecified
4260,Dual
4234,unspecified
4109,unspecified
4057,unspecified
4226,unspecified
4204,unspecified
3789,unspecified
3595,unspecified
3596,unspecified
3840,unspecified
3513,unspecified
3451,unspecified
11924,Dual
11822,Dual
11498,Dual
11473,Dual
12476,unspecified
12052,unspecified
12521,unspecified
11747,Dual
11394,unspecified
12008,Single
12008,Dual
10972,Dual
10992,unspecified
10970,Dual
10630,Dual
10733,unspecified
10406,unspecified
10329,Dual
9821,Dual
9822,Dual
9826,unspecified
9825,unspecified
9824,unspecified
9757,Dual
9754,Dual
9711,Dual
9671,Dual
9655,Dual
9609,Dual
9490,Dual
9436,Dual
9489,Dual
9349,Dual
9375,Dual
9374,Dual
9371,Dual
9222,Dual
9226,Dual
9225,Dual
9144,Dual
9143,Dual
9116,Dual
8973,Dual
8942,unspecified
8941,unspecified
8834,Dual
8850,Dual
8794,Dual
8603,Single
8603,Dual
8602,Dual
8559,unspecified
8423,Dual
8376,Dual
8375,Dual
8506,Single
8506,Dual
8320,Dual
8319,Single
8319,Dual
8318,Single
8318,Dual
8317,Single
8317,Dual
8316,Single
8316,Dual
8208,Dual
8193,Dual
8147,Dual
8146,Dual
8145,Dual
8125,Dual
8101,Dual
8038,Dual
7952,unspecified
7951,unspecified
7947,Dual
7946,Dual
7939,Dual
7918,Dual
7878,Dual
7865,Dual
7850,Dual
7802,Dual
7755,Dual
7742,Dual
7605,Dual
8142,Dual
7557,Dual
7539,Dual
7711,Dual
7552,Single
7552,Dual
7540,Dual
7354,Dual
7511,Dual
7507,Dual
8043,Dual
7233,Dual
7214,Dual
7197,Dual
7192,Dual
7147,Dual
7046,Dual
7886,Dual
7088,Dual
7167,Dual
7090,Dual
7063,Dual
6956,unspecified
8185,unspecified
6955,unspecified
6938,Dual
6920,unspecified
6919,Dual
6848,Dual
6842,Dual
6855,Dual
6789,Dual
6788,Dual
6787,Dual
6739,Dual
6746,unspecified
6730,unspecified
6681,unspecified
6643,Single
6643,Dual
6642,Dual
6595,Dual
6396,Dual
6529,unspecified
6293,Dual
6370,Dual
6673,Dual
6369,Dual
6368,Dual
6296,Dual
6674,Dual
6283,Dual
6281,unspecified
6280,unspecified
6279,unspecified
6159,Dual
6158,Dual
6157,Dual
6047,Dual
5934,Dual
5894,Dual
5893,Dual
5843,unspecified
5830,Dual
5851,Dual
5684,unspecified
5683,unspecified
5689,Dual
5612,Dual
5544,Dual
5486,Dual
5450,Dual
5850,Dual
5385,Dual
5353,Single
5353,Dual
5352,unspecified
5241,unspecified
5244,Dual
5247,Single
5247,Dual
5463,Dual
5462,Dual
5245,Dual
5333,Dual
5246,Dual
5243,Dual
5140,Dual
5095,Dual
5094,Dual
5060,Dual
4985,unspecified
4956,unspecified
4911,Dual
4424,unspecified
4445,unspecified
10742,Dual
10743,Dual
10744,Dual
10585,Dual
10586,Dual
10564,Dual
10464,Dual
10558,Dual
10463,Dual
10459,Dual
10597,Dual
10368,Dual
10451,unspecified
10382,Dual
10090,Dual
10088,Single
10088,Dual
10087,Single
10087,Dual
10086,Single
10086,Dual
9906,Single
9906,Dual
9844,Single
9844,Dual
9827,Single
9827,Dual
9828,Dual
9805,Single
9805,Dual
9804,Single
9804,Dual
9753,Dual
9752,Single
9752,Dual
9751,Single
9751,Dual
9758,unspecified
9607,Single
9607,Dual
9540,Single
9540,Dual
9585,Single
9585,Dual
9586,Single
9586,Dual
9587,Single
9587,Dual
9411,Single
9411,Dual
9300,Single
9300,Dual
9544,unspecified
9309,Dual
9305,Single
9305,Dual
9304,Single
9304,Dual
9285,Single
9285,Dual
9278,Single
9278,Dual
9251,unspecified
9228,Single
9228,Dual
9191,unspecified
9206,Single
9206,Dual
9115,Single
9115,Dual
9090,Single
9090,Dual
9122,unspecified
10072,unspecified
9190,unspecified
9074,Single
9074,Dual
9073,Single
9073,Dual
9047,unspecified
9006,Dual
8712,Single
8712,Dual
8781,Single
8781,Dual
8756,Single
8756,Dual
8780,unspecified
8696,unspecified
8466,Single
8466,Dual
8584,Single
8584,Dual
8694,unspecified
8492,Single
8492,Dual
8679,unspecified
8678,unspecified
8491,Single
8491,Dual
8490,Single
8490,Dual
8817,Single
8817,Dual
8489,Single
8489,Dual
8488,Single
8488,Dual
8238,Single
8238,Dual
8184,unspecified
8183,unspecified
8159,unspecified
8158,Single
8158,Dual
8081,unspecified
8133,Single
8133,Dual
8132,Single
8132,Dual
8079,Single
8079,Dual
8085,unspecified
7980,Single
7980,Dual
8269,Single
8269,Dual
8056,Single
8056,Dual
7815,Single
7815,Dual
7977,Dual
7976,Single
7976,Dual
7927,Single
7927,Dual
7926,Single
7926,Dual
7849,Single
7849,Dual
7848,Single
7848,Dual
7883,Single
7883,Dual
7773,Single
7773,Dual
7675,unspecified
7606,Single
7606,Dual
7556,unspecified
7575,unspecified
7496,unspecified
7451,unspecified
7442,unspecified
7437,Single
7437,Dual
7363,Single
7363,Dual
7250,unspecified
7253,Dual
7245,unspecified
7212,Dual
7148,unspecified
7051,Dual
7052,Single
7052,Dual
7053,Single
7053,Dual
7054,unspecified
6916,unspecified
6812,unspecified
6776,Dual
6764,Dual
6750,unspecified
6709,Single
6709,Dual
6606,unspecified
6555,Dual
6593,Single
6593,Dual
6592,Single
6592,Dual
6575,unspecified
6569,unspecified
6562,unspecified
6554,unspecified
6546,unspecified
6545,unspecified
6520,unspecified
6475,unspecified
6315,unspecified
6572,unspecified
6294,unspecified
6357,unspecified
6353,unspecified
6352,unspecified
7038,unspecified
6326,unspecified
6307,Dual
6173,unspecified
6133,unspecified
6118,unspecified
6117,unspecified
6077,Single
6077,Dual
6171,Dual
6100,unspecified
6285,unspecified
6101,Dual
6286,unspecified
6102,Single
6102,Dual
6052,unspecified
6032,unspecified
5998,unspecified
5901,unspecified
5705,unspecified
5806,unspecified
5772,unspecified
5736,Dual
5750,Dual
5673,unspecified
5543,unspecified
5650,unspecified
5649,unspecified
5602,unspecified
5488,Dual
5487,unspecified
5554,unspecified
5509,unspecified
5390,unspecified
5315,unspecified
5722,unspecified
5316,unspecified
5254,unspecified
5372,Dual
5275,unspecified
5373,Dual
5293,unspecified
5389,Dual
5292,unspecified
5608,unspecified
5048,unspecified
5078,unspecified
5032,unspecified
5025,unspecified
5062,unspecified
4751,unspecified
4941,unspecified
5005,unspecified
4982,unspecified
4981,unspecified
4964,Dual
4955,unspecified
4948,unspecified
4932,unspecified
4835,Dual
4749,unspecified
4739,unspecified
4717,unspecified
4653,unspecified
4649,unspecified
4563,unspecified
4562,unspecified
4545,unspecified
4565,unspecified
4571,unspecified
4554,unspecified
4461,unspecified
4430,unspecified
4416,unspecified
4377,unspecified
4064,unspecified
4329,unspecified
4353,unspecified
4257,unspecified
4213,unspecified
4188,unspecified
4201,unspecified
4140,unspecified
4157,unspecified
4067,unspecified
4309,Dual
4043,unspecified
4289,unspecified
4287,unspecified
4037,unspecified
4040,unspecified
3886,unspecified
3759,unspecified
3704,unspecified
3762,unspecified
3598,unspecified
3731,unspecified
3558,unspecified
3532,unspecified
3516,unspecified
3081,unspecified
12471,unspecified
12381,Single
12381,Dual
12321,Single
12244,Single
12244,Dual
12184,Dual
12139,Single
12139,Dual
12137,Single
12085,Dual
11831,Dual
11826,Dual
11825,Dual
11669,unspecified
11644,Single
11644,Dual
11629,unspecified
11381,Single
11381,Dual
11380,Single
11380,Dual
11382,Single
11382,Dual
11358,Single
11358,Dual
11356,Single
11356,Dual
11207,unspecified
11135,unspecified
11077,Single
11077,Dual
11013,Single
11013,Dual
10967,Dual
11019,Dual
10959,Single
10959,Dual
10955,Dual
10838,Single
10838,Dual
10840,Single
10840,Dual
10841,Single
10841,Dual
10842,Single
10842,Dual
10843,Single
10843,Dual
10844,Dual
10700,Single
10700,Dual
10624,Single
10624,Dual
10584,Single
10584,Dual
10588,unspecified
10547,unspecified
10404,Single
10404,Dual
10460,Dual
10351,Dual
10273,unspecified
10275,unspecified
10274,unspecified
10142,Single
10142,Dual
10117,Single
10117,Dual
10143,Single
10143,Dual
9993,Dual
9988,Single
9988,Dual
9833,Single
9833,Dual
9834,Single
9834,Dual
9731,Single
9731,Dual
9652,Dual
8867,Single
8867,Dual
9603,Dual
10619,unspecified
9604,Dual
9538,Dual
9342,Dual
9364,Dual
9354,Single
9354,Dual
9178,Dual
9246,Dual
9214,Dual
9215,Dual
9216,Dual
9087,Single
9087,Dual
9058,Dual
8972,Dual
9052,Dual
8513,Single
8513,Dual
8907,Dual
8522,Single
8522,Dual
8572,Single
8572,Dual
8571,Single
8571,Dual
6885,Dual
6877,unspecified
6814,unspecified
6640,Dual
6639,unspecified
6638,unspecified
6524,Dual
6523,unspecified
6383,Dual
6227,unspecified
6254,unspecified
6255,Dual
6232,unspecified
6148,Single
6148,Dual
6147,Single
6147,Dual
6067,Single
6067,Dual
5833,unspecified
5869,unspecified
5760,unspecified
5791,unspecified
5438,unspecified
5506,unspecified
5451,unspecified
5437,unspecified
5321,unspecified
5322,unspecified
5150,unspecified
5147,unspecified
5090,unspecified
5069,unspecified
5024,unspecified
4967,unspecified
4968,unspecified
4695,unspecified
4662,unspecified
4576,unspecified
4578,unspecified
4275,unspecified
4240,unspecified
4372,unspecified
4276,unspecified
4220,unspecified
4223,unspecified
4222,unspecified
3398,unspecified
3885,unspecified
3578,unspecified
3545,unspecified
3524,unspecified
3394,unspecified
3397,unspecified
3390,unspecified
3252,unspecified
3109,unspecified
12773,Dual
12784,Dual
12785,Dual
12616,unspecified
12520,Single
12520,Dual
12584,Single
12584,Dual
12189,Dual
12074,Single
12074,Dual
12024,Dual
12083,Dual
12082,Dual
12151,Single
12151,Dual
12004,Single
12004,Dual
11945,Single
11945,Dual
11803,Dual
11736,Single
11736,Dual
11665,Single
11665,Dual
11600,Single
11600,Dual
11564,Dual
11439,Dual
11459,Dual
11268,Single
11268,Dual
11429,Single
11429,Dual
11403,Single
11403,Dual
11373,Single
11373,Dual
11402,Single
11402,Dual
10954,Single
10954,Dual
11149,unspecified
11244,Single
11244,Dual
11215,Single
11215,Dual
11124,Dual
11110,Dual
11011,Dual
11062,Dual
10937,Dual
11039,Single
11039,Dual
11087,Single
11087,Dual
11041,Single
11041,Dual
11015,Dual
10996,Dual
10873,Single
10873,Dual
10948,Single
10948,Dual
10900,Dual
10848,Dual
10860,Dual
10850,unspecified
10825,Dual
10824,Dual
10469,Single
10469,Dual
10631,Single
10631,Dual
10641,Single
10641,Dual
10718,Single
10718,Dual
10753,Single
10753,Dual
10740,Dual
10578,Dual
10648,Single
10648,Dual
10663,Single
10663,Dual
10604,Single
10604,Dual
10709,Single
10709,Dual
10708,Single
10708,Dual
10603,Single
10603,Dual
10580,Single
10580,Dual
10496,Dual
10498,Dual
10377,Single
10377,Dual
10428,Single
10428,Dual
10412,Single
10412,Dual
10148,Dual
10371,unspecified
10261,Dual
10355,Dual
10338,Dual
10333,Single
10333,Dual
10335,Dual
10316,Single
10316,Dual
10314,Single
10314,Dual
10216,Dual
10239,Single
10239,Dual
10208,Dual
10243,unspecified
10157,Single
10157,Dual
10483,unspecified
10124,Dual
10149,Single
10149,Dual
10138,Single
10138,Dual
10111,Single
10111,Dual
10132,Single
10132,Dual
10079,Dual
10040,Dual
10084,Dual
10041,Dual
10080,Dual
10254,unspecified
10044,Dual
10081,Dual
10004,unspecified
10001,Single
10001,Dual
10003,Single
10003,Dual
9917,Single
9917,Dual
9999,Single
9999,Dual
9995,Single
9995,Dual
9963,Single
9963,Dual
9937,Single
9937,Dual
9899,Single
9899,Dual
9852,Single
9852,Dual
9818,Dual
9861,Dual
9795,Single
9795,Dual
9796,Single
9796,Dual
9806,Single
9806,Dual
9787,unspecified
9732,Single
9732,Dual
9789,unspecified
9788,Single
9788,Dual
9793,Single
9793,Dual
9790,unspecified
9781,unspecified
9730,Single
9730,Dual
9636,Single
9636,Dual
9588,Single
9588,Dual
9536,Single
9536,Dual
9537,Single
9537,Dual
9721,Dual
9505,Dual
9506,Dual
9508,Dual
9659,Single
9659,Dual
9646,Single
9646,Dual
9616,Single
9616,Dual
9554,Single
9554,Dual
9642,Single
9642,Dual
9579,Single
9579,Dual
9661,Single
9661,Dual
9640,Single
9640,Dual
9580,Single
9580,Dual
9581,unspecified
9665,unspecified
9432,Dual
9352,Dual
9344,Dual
9340,Single
9340,Dual
9163,Single
9163,Dual
9334,Single
9334,Dual
9397,Dual
9335,Dual
9255,Dual
9260,Dual
9234,unspecified
8928,unspecified
9220,Dual
9202,Dual
9205,Dual
9203,Dual
9204,Dual
9156,Single
9156,Dual
9155,Single
9155,Dual
9153,Single
9153,Dual
9135,Single
9135,Dual
8967,Single
8967,Dual
8966,Single
8966,Dual
8904,Dual
8790,Single
8790,Dual
8886,Single
8886,Dual
8900,Dual
8725,unspecified
8789,Dual
8505,Single
8505,Dual
8676,unspecified
8778,unspecified
8683,Single
8683,Dual
8684,Dual
8675,Dual
8561,Single
8561,Dual
8705,Single
8705,Dual
8438,Single
8438,Dual
9331,Dual
8682,Single
8682,Dual
8161,Single
8161,Dual
8523,Single
8523,Dual
8437,Dual
8577,unspecified
8397,Single
8397,Dual
8486,unspecified
8435,Dual
8335,Single
8335,Dual
8494,Single
8494,Dual
8336,Single
8336,Dual
8385,Dual
8424,Single
8424,Dual
8347,Dual
7801,Single
7801,Dual
8367,Dual
8265,Dual
8342,Dual
8314,Single
8314,Dual
8288,Dual
8242,unspecified
8082,Single
8082,Dual
8140,Dual
8192,Dual
8186,Dual
8228,Dual
8083,Dual
8455,unspecified
8004,unspecified
8126,Dual
8046,Dual
8047,Dual
7903,Single
7903,Dual
7870,Single
7870,Dual
7869,Single
7869,Dual
7880,unspecified
7821,Single
7821,Dual
7945,Single
7945,Dual
7961,unspecified
7960,unspecified
7768,Dual
7879,unspecified
7864,Single
7864,Dual
7641,Single
7641,Dual
7759,Single
7759,Dual
7789,Single
7789,Dual
7791,Single
7791,Dual
8022,unspecified
7760,Single
7760,Dual
7679,Dual
7648,Single
7648,Dual
7273,Dual
7673,Single
7673,Dual
7504,unspecified
7431,unspecified
7508,Dual
7505,unspecified
7467,unspecified
7509,Dual
6506,unspecified
7468,unspecified
7453,unspecified
7506,Dual
7249,unspecified
7395,Dual
8785,Dual
7185,Single
7185,Dual
7184,Single
7184,Dual
7114,unspecified
7134,unspecified
8883,unspecified
7121,unspecified
6990,unspecified
7166,unspecified
7164,unspecified
7079,unspecified
7377,Dual
6849,unspecified
7034,Single
7034,Dual
7357,Single
7357,Dual
6907,Single
6907,Dual
7110,unspecified
6894,Dual
7132,Dual
6763,unspecified
6905,unspecified
6879,Single
6879,Dual
6906,Single
6906,Dual
6716,Single
6716,Dual
6802,Dual
6761,unspecified
6803,Dual
6762,unspecified
6748,unspecified
6725,Dual
6790,Dual
6708,Single
6708,Dual
6706,unspecified
6631,unspecified
6749,Dual
6758,unspecified
6434,unspecified
6658,unspecified
6659,unspecified
6482,unspecified
6576,unspecified
6580,unspecified
6573,unspecified
6563,Dual
6542,unspecified
6662,Dual
6534,Single
6534,Dual
6391,Single
6391,Dual
6252,unspecified
6478,unspecified
6479,unspecified
6480,Dual
6481,Dual
6331,Dual
6460,unspecified
6450,unspecified
6435,unspecified
6439,unspecified
6432,unspecified
6433,unspecified
6404,unspecified
6356,unspecified
6210,unspecified
6289,Dual
6284,unspecified
6251,unspecified
6250,unspecified
6241,unspecified
6249,unspecified
6248,unspecified
6240,unspecified
6209,unspecified
6190,unspecified
6272,Dual
6237,unspecified
6338,unspecified
6033,unspecified
6846,unspecified
6099,unspecified
6054,unspecified
6015,Dual
5961,unspecified
5975,unspecified
5969,unspecified
5958,Single
5958,Dual
6049,unspecified
5946,unspecified
5928,unspecified
5904,unspecified
5889,unspecified
5887,unspecified
5886,Dual
5876,Dual
5862,Single
5862,Dual
5814,unspecified
5803,unspecified
5542,unspecified
5786,unspecified
5766,unspecified
5841,Single
5841,Dual
5749,Single
5749,Dual
5665,unspecified
5597,unspecified
5548,unspecified
5447,unspecified
5375,Single
5375,Dual
5446,unspecified
5456,unspecified
5468,unspecified
5419,Single
5419,Dual
5423,unspecified
5422,unspecified
5398,unspecified
5396,Single
5396,Dual
5394,Single
5394,Dual
5392,Single
5392,Dual
5391,Single
5391,Dual
5314,Single
5314,Dual
5371,unspecified
5125,unspecified
5420,Dual
5388,unspecified
5253,unspecified
5280,Single
5280,Dual
5279,Single
5279,Dual
5271,unspecified
5263,unspecified
5221,unspecified
5213,unspecified
5163,Dual
5162,unspecified
5144,unspecified
5124,unspecified
5111,unspecified
5272,unspecified
5047,unspecified
5033,unspecified
5027,Dual
5026,unspecified
5019,unspecified
5018,unspecified
5001,unspecified
4992,unspecified
4914,unspecified
4854,unspecified
5152,unspecified
4960,unspecified
4961,unspecified
4957,unspecified
4954,unspecified
4953,unspecified
4923,unspecified
4883,Dual
4857,unspecified
5114,unspecified
4777,Dual
4771,unspecified
4750,unspecified
4804,unspecified
4803,unspecified
4799,unspecified
4238,unspecified
5461,unspecified
4566,unspecified
4564,unspecified
5340,unspecified
4559,unspecified
3883,unspecified
4544,unspecified
4671,unspecified
4543,unspecified
4469,unspecified
4432,unspecified
4420,unspecified
4419,unspecified
4406,unspecified
4415,unspecified
4952,unspecified
4374,unspecified
4397,unspecified
4387,Dual
4344,unspecified
4158,unspecified
4159,unspecified
4303,unspecified
4277,unspecified
4301,unspecified
4219,unspecified
4327,unspecified
4262,unspecified
4071,unspecified
4239,unspecified
4667,unspecified
4208,unspecified
4200,unspecified
4198,unspecified
4668,unspecified
4136,unspecified
4135,unspecified
4130,unspecified
4129,unspecified
3956,unspecified
4376,unspecified
4124,unspecified
4114,unspecified
4117,unspecified
4091,unspecified
4059,unspecified
3967,unspecified
4026,unspecified
3969,unspecified
3968,unspecified
3908,unspecified
3913,unspecified
3920,unspecified
3919,unspecified
3893,unspecified
3884,unspecified
3621,unspecified
3761,unspecified
3724,unspecified
3726,unspecified
3741,unspecified
3725,unspecified
3719,unspecified
3620,unspecified
3453,unspecified
3672,unspecified
3370,unspecified
3580,unspecified
3581,unspecified
3408,unspecified
3410,unspecified
3432,unspecified
3395,unspecified
3294,unspecified
3115,unspecified
12534,Dual
12263,Dual
12264,Dual
11838,Dual
11521,Dual
11522,unspecified
11174,Dual
11064,unspecified
10851,Single
10851,Dual
10698,Single
10698,Dual
10707,Dual
10396,Single
10396,Dual
10096,Dual
10095,Single
10095,Dual
10091,Single
10091,Dual
9840,Single
9840,Dual
9543,Single
9543,Dual
9591,Single
9591,Dual
9353,Single
9353,Dual
9592,Single
9592,Dual
9268,Single
9268,Dual
9232,Single
9232,Dual
9166,Single
9166,Dual
9081,Single
9081,Dual
9082,Single
9082,Dual
8985,Single
8985,Dual
8986,Single
8986,Dual
8987,Single
8987,Dual
8804,Single
8804,Dual
8840,Single
8840,Dual
8610,unspecified
8619,Single
8619,Dual
8599,Single
8599,Dual
8593,Single
8593,Dual
8595,Single
8595,Dual
8596,Single
8596,Dual
8292,unspecified
8313,Single
8313,Dual
8113,Single
8113,Dual
8102,Single
8102,Dual
7949,Single
7949,Dual
7948,Single
7948,Dual
7957,Dual
7950,unspecified
7538,Dual
7536,unspecified
7537,Dual
7534,unspecified
7535,unspecified
7465,Dual
7464,unspecified
7466,Dual
7463,unspecified
7257,Dual
6878,unspecified
7228,Dual
7227,unspecified
7100,Dual
7068,unspecified
7069,unspecified
7059,unspecified
7060,Dual
7031,Dual
6882,unspecified
6663,Dual
6634,unspecified
6633,unspecified
6632,Dual
6796,unspecified
6539,unspecified
6582,unspecified
6538,unspecified
6489,Dual
6488,unspecified
6456,unspecified
6408,unspecified
6146,unspecified
6162,Dual
6145,unspecified
6161,unspecified
6144,unspecified
5967,Dual
5966,unspecified
5968,Dual
5950,unspecified
5753,unspecified
5596,unspecified
5540,unspecified
5541,Dual
5497,Single
5497,Dual
5421,unspecified
5363,unspecified
5364,unspecified
5204,unspecified
5203,unspecified
5148,Dual
5149,unspecified
5015,unspecified
4958,unspecified
4930,unspecified
4959,unspecified
4899,unspecified
4894,unspecified
4832,Dual
4718,unspecified
4831,unspecified
4782,unspecified
4781,unspecified
4775,unspecified
4774,unspecified
4773,unspecified
4772,unspecified
4647,unspecified
4408,unspecified
4437,unspecified
4436,unspecified
4369,unspecified
4798,unspecified
4412,unspecified
12572,Dual
12581,Dual
12776,Dual
12714,Dual
12715,Dual
12716,Dual
12697,Dual
12689,Dual
12684,Dual
12388,Dual
12389,Dual
12582,Dual
12470,Dual
12245,Dual
12134,Dual
12257,Dual
12258,Dual
12218,Dual
12209,Dual
12181,Dual
12197,Dual
12124,Dual
12188,Dual
12072,Dual
12094,Dual
12092,Dual
12063,Dual
12053,Dual
12045,Dual
12047,Dual
11953,Dual
11954,Dual
11955,Dual
11956,Dual
11887,Dual
11888,Dual
11904,Dual
11909,Dual
11906,Dual
11855,Dual
11834,Dual
11848,Dual
11832,Dual
11850,Dual
11869,Dual
11819,Dual
11762,Dual
11580,Dual
11472,Dual
11652,Dual
11551,Dual
11519,Dual
11427,Dual
11479,Dual
11487,Dual
11453,Dual
11454,Dual
11455,Dual
11449,Dual
11419,Dual
11425,Dual
11180,Dual
11372,Dual
11430,Dual
11431,Dual
11287,Dual
11285,Dual
11292,Dual
11412,Dual
11395,Dual
11396,Dual
11371,Dual
11388,Dual
11362,Dual
11357,Dual
11333,Dual
11334,Dual
11335,Dual
11336,Dual
11186,Dual
11193,Dual
11159,Dual
11181,Dual
11152,Dual
11153,Dual
11137,Dual
11119,Dual
11129,Dual
11128,Dual
11134,Dual
11127,Dual
11100,Dual
11099,Dual
11101,Dual
11079,Dual
11060,Dual
11040,Dual
10949,Dual
11008,Dual
10930,Dual
10919,Dual
10857,Dual
10880,Dual
10867,Dual
10737,Dual
10777,Dual
10815,Dual
10665,Dual
10805,Dual
10714,Dual
10802,Dual
10758,Dual
10780,Dual
10662,Dual
10768,Dual
10769,Dual
10247,Dual
10770,Dual
10771,Dual
10752,Dual
10727,Dual
10728,Dual
10661,Dual
10670,Dual
10615,Dual
10616,Dual
10582,Dual
10581,Dual
10609,Dual
10599,Dual
10517,Dual
10437,Dual
10473,Dual
10480,Dual
10591,Dual
10399,Dual
10461,Dual
10415,Dual
10398,Dual
10361,Dual
10349,Dual
10350,Dual
10318,Dual
10279,Dual
10277,Dual
10278,Dual
10233,Dual
10267,Dual
10266,Dual
10202,Dual
10200,Dual
10220,Dual
10235,Dual
10217,Dual
10192,Dual
10183,Dual
10207,Dual
10159,Dual
10150,Dual
10140,Dual
10147,Dual
10126,Dual
10120,Dual
10109,Dual
10110,Dual
10055,Single
10055,Dual
10082,Single
10082,Dual
10169,Dual
10078,Dual
9991,Dual
9979,Dual
9946,Dual
9945,Dual
9936,Dual
9935,Dual
9800,Dual
9897,Dual
9892,Dual
9891,Dual
9884,Dual
9862,Dual
9812,Dual
9779,Dual
9769,Dual
9716,Dual
9759,Dual
9749,Dual
9791,Dual
9738,Dual
9720,Dual
9708,Dual
9707,Dual
9639,Dual
9498,Dual
9521,Dual
9602,unspecified
9584,Dual
9583,Dual
9507,Dual
9534,Dual
9513,Dual
9499,Dual
9382,Dual
9378,Dual
9333,Dual
9329,Dual
9293,Dual
9140,Dual
9247,Dual
8963,Dual
9249,unspecified
9237,Dual
9217,Dual
9219,Dual
9185,Dual
9067,Dual
9120,Dual
8893,Dual
9164,Dual
8959,Dual
8768,Dual
8898,Dual
8753,Dual
8818,Dual
8707,Dual
8529,Dual
8776,Dual
8582,Dual
8608,Dual
8477,unspecified
8439,Dual
8580,Dual
8531,Dual
8420,Dual
8419,Dual
8263,Dual
8400,Dual
8014,Dual
8350,Dual
7260,Dual
8291,Dual
8233,Dual
8212,Dual
8250,Dual
8150,Dual
8007,Dual
7962,Dual
7863,Dual
7862,Dual
7822,Dual
7769,Dual
7512,Dual
6992,Dual
7710,Dual
7480,Dual
7211,Dual
6952,Dual
6944,Dual
7159,Dual
6884,Dual
6866,unspecified
6561,unspecified
6518,unspecified
6365,unspecified
6217,Dual
5678,unspecified
6373,Dual
5609,Dual
5397,unspecified
4928,unspecified
4929,unspecified
12751,Dual
12708,Dual
12712,Dual
12613,Dual
12612,Dual
12611,Dual
12435,Dual
12428,Dual
12399,Dual
12398,Dual
12455,Dual
12157,Dual
12096,Dual
12042,Dual
12015,Dual
12006,Dual
12005,Dual
11944,Dual
11917,Dual
11698,Dual
11649,Dual
11664,Dual
11660,Dual
11958,Dual
11612,Dual
11611,Dual
11516,Dual
11379,Dual
11579,Dual
11364,Dual
11363,Dual
11700,unspecified
11243,Dual
11240,Dual
11946,Dual
11203,Dual
11083,Dual
11082,Dual
11009,Dual
10929,Dual
10914,Dual
10885,Dual
10837,Dual
10858,Dual
10798,Dual
10820,Dual
10821,Dual
10772,Dual
10706,unspecified
10613,Dual
10614,Dual
10571,Dual
10567,Dual
11728,Dual
11197,Dual
11729,unspecified
11723,unspecified
10339,Dual
10282,Dual
10281,Dual
11725,unspecified
11724,unspecified
10193,Dual
10284,Dual
10139,Dual
11705,unspecified
10070,unspecified
9955,Dual
9954,Dual
9921,Dual
9839,Dual
9780,Dual
9712,Dual
9713,Dual
9714,Dual
9692,Dual
9610,Dual
9695,Dual
9433,Dual
9347,Dual
9171,Dual
9174,Dual
9701,Dual
9697,Dual
9161,Dual
9133,Dual
9110,Dual
9088,Dual
8971,Dual
9038,Dual
8970,Dual
9033,unspecified
8913,unspecified
8902,unspecified
8901,Dual
8896,Dual
8838,Dual
8290,unspecified
8895,unspecified
8894,unspecified
8793,Dual
8779,unspecified
8752,Dual
8748,Dual
8746,Dual
8747,Dual
8677,Dual
8658,Dual
8660,unspecified
8615,Dual
8609,Dual
8607,Dual
8600,Dual
8601,Dual
8562,Dual
8504,Dual
8501,Dual
8401,Dual
8638,unspecified
8387,Dual
8232,Dual
8300,unspecified
8182,Dual
8092,Dual
8067,Dual
8091,Dual
8548,unspecified
8044,Dual
8063,Dual
7963,Dual
8293,Dual
7943,Dual
9152,Dual
8143,Dual
7944,Dual
7868,Dual
7852,unspecified
7853,unspecified
7761,Dual
7686,unspecified
7670,Dual
7646,Dual
7572,unspecified
7485,Dual
7441,Dual
7430,unspecified
7428,Dual
7422,unspecified
8114,unspecified
7481,unspecified
7656,unspecified
7790,unspecified
7355,unspecified
8244,Dual
7294,Dual
7207,Dual
7168,Dual
7116,Dual
7149,Dual
7891,Dual
7057,Dual
7058,Dual
7056,Dual
6954,Dual
6914,unspecified
6898,unspecified
6847,unspecified
6697,unspecified
6641,unspecified
6607,unspecified
6491,Dual
6492,Dual
6367,Single
6367,Dual
6579,unspecified
6381,Dual
6324,unspecified
6236,Dual
6155,unspecified
5948,unspecified
5852,unspecified
5853,unspecified
5834,unspecified
5755,unspecified
5620,unspecified
5659,unspecified
5511,unspecified
5499,Single
5499,Dual
5376,Dual
5330,unspecified
5470,unspecified
5240,unspecified
5173,unspecified
5133,unspecified
5647,unspecified
4893,unspecified
5004,unspecified
4983,unspecified
4962,unspecified
4873,unspecified
4597,Dual
4585,unspecified
4586,unspecified
4598,Dual
4608,unspecified
4506,unspecified
4467,unspecified
4304,unspecified
4290,unspecified
3391,unspecified
