device_id,s_type
11706,Nano
10981,Nano
10980,Nano
10679,Nano
10680,Nano
10682,Nano
11659,Nano
10618,Nano
10490,Nano
10016,Nano
10017,Nano
10018,Nano
10019,Nano
10042,Nano
9842,Nano
9843,Nano
10108,Micro
9510,Nano
9511,Nano
9985,Nano
9574,Nano
9291,Nano
9012,Nano
9004,Nano
9084,Nano
9085,Nano
9086,Nano
8844,Nano
8832,Nano
8569,Nano
8377,Nano
8298,Nano
8205,Nano
8205,Micro
8157,Micro
8449,Nano
7896,Nano
7897,Nano
8167,Micro
8230,Micro
7776,Micro
7720,Micro
7570,Micro
7234,Micro
7081,Micro
7080,Micro
7098,Micro
7097,Micro
7096,Micro
6936,Micro
6934,Micro
6934,Mini
6933,Micro
6933,Mini
6979,Mini
6774,Micro
6773,Mini
6732,Micro
6657,Micro
6656,Micro
7154,Micro
7153,Micro
6655,Micro
6654,Micro
6653,Micro
6619,Mini
6599,Micro
6516,Mini
6152,Micro
6151,Micro
6139,Micro
6138,Micro
6134,Micro
6135,Micro
6131,Micro
5937,Micro
5938,Micro
5741,Micro
5740,Mini
5693,Micro
5692,Mini
5687,Mini
5691,Mini
5671,Micro
5672,Micro
5668,Micro
5669,Micro
5681,Mini
5318,Micro
5319,Mini
5332,Mini
5231,Micro
5230,Micro
5229,Mini
5228,Mini
5242,Mini
5226,Micro
5218,Micro
5139,Mini
5110,Mini
5165,Mini
5080,Mini
4663,Mini
4661,Mini
4659,Mini
4528,Mini
12558,Nano
12558,eSIM
12559,Nano
12559,eSIM
11773,Nano
11773,eSIM
11860,Nano
11860,eSIM
11862,Nano
11862,eSIM
11861,Nano
11861,eSIM
11410,Nano
11410,eSIM
11089,Nano
11089,eSIM
11102,Nano
11102,eSIM
11103,Nano
11103,eSIM
11104,Nano
11104,eSIM
10237,Nano
10237,eSIM
10508,Nano
10508,eSIM
10509,Nano
10509,eSIM
10510,Nano
10510,eSIM
10170,Nano
10170,eSIM
9846,Nano
9846,eSIM
9847,Nano
9847,eSIM
9848,Nano
9848,eSIM
9319,Nano
9319,eSIM
9318,Nano
9318,eSIM
9320,Nano
9320,eSIM
8858,Nano
8131,Nano
8573,Nano
8065,Nano
8064,Nano
7969,Nano
7243,Nano
7242,Nano
6665,Nano
6378,Nano
5685,Nano
5690,Nano
5061,Nano
4910,Nano
4212,Micro
3275,Micro
3716,Micro
12380,Nano
11656,Nano
10892,Nano
10893,Nano
10393,Nano
10379,Nano
10296,Nano
10328,Nano
9770,Nano
9698,Nano
9634,Nano
9633,Nano
9410,Nano
9373,Nano
9372,Nano
9224,Nano
9194,Nano
9173,Nano
9096,Nano
9061,Nano
9068,Nano
9097,Nano
8953,Nano
8866,Nano
8783,Nano
8782,Nano
8892,Nano
8862,Nano
8808,Nano
8784,Nano
8811,Nano
8811,Micro
8814,Nano
8810,Nano
8810,Micro
8749,Nano
8801,Nano
8681,Micro
8579,Nano
8550,Nano
8550,Micro
8502,Nano
8509,Nano
8503,Micro
8493,Micro
8425,Nano
8384,Nano
8384,Micro
8207,Nano
8207,Micro
8206,Micro
8197,Nano
8197,Micro
8130,Nano
8129,Nano
8129,Micro
8106,Nano
8106,Micro
8111,Micro
8262,Nano
8262,Micro
8097,Micro
8095,Micro
8045,Micro
8048,Micro
7866,Micro
7733,Micro
7577,Micro
7368,Micro
7476,Micro
7475,Micro
7479,Micro
7757,Micro
7477,Micro
7478,Micro
7474,Micro
7473,Micro
7444,Micro
7378,Micro
7255,Micro
7256,Micro
7261,Micro
7044,Micro
7120,Micro
6917,Micro
7045,Micro
6982,Micro
6953,Micro
6918,Micro
6897,Micro
6737,Micro
6630,Micro
6429,Micro
6428,Micro
6414,Micro
6394,Micro
6519,Micro
6238,Micro
6120,Micro
6853,Micro
5953,Micro
7160,Micro
5952,Micro
5891,Micro
5706,Nano
5674,Micro
5494,Micro
5329,Micro
5328,Nano
5091,Micro
5017,Micro
3965,Mini
12603,Nano
12459,Nano
12458,Nano
12457,Nano
12456,Nano
12153,Nano
12102,Nano
11830,Nano
11829,Nano
11828,Nano
11757,Nano
11716,Nano
11715,Nano
11673,Nano
11672,Nano
11643,Nano
11509,Nano
11368,Micro
11348,Nano
11319,Nano
11318,Nano
11258,Nano
11096,Nano
11095,Nano
11094,Nano
11073,Nano
10934,Nano
10935,Nano
10781,Nano
10745,Nano
10741,Nano
10730,Nano
10729,Nano
10731,Nano
10732,Nano
10607,Nano
10535,Nano
10535,Micro
10537,Nano
10538,Nano
10538,Micro
10540,Nano
10540,Micro
10539,Nano
10470,Nano
10453,Nano
10403,Nano
10359,Nano
10313,Nano
10312,Nano
10160,Nano
10107,Nano
10106,Nano
10105,Nano
10047,Nano
10046,Nano
10045,Nano
9967,Nano
9930,Nano
9929,Micro
9855,Nano
9877,Nano
9876,Nano
9718,Nano
9718,Micro
9597,Nano
9542,Nano
9542,Micro
9482,Nano
9470,Nano
9470,Micro
9360,Nano
9325,Micro
9314,Nano
9314,Micro
9307,Nano
9307,Micro
9302,Micro
9301,Micro
9277,Nano
9254,Nano
9253,Nano
9253,Micro
9223,Nano
9184,Nano
9184,Micro
9165,Nano
9165,Micro
9154,Nano
9154,Micro
9146,Micro
9146,Mini
9131,Nano
9072,Nano
9072,Micro
9064,Micro
9063,Nano
9063,Micro
9007,Micro
8835,Nano
8835,Micro
8621,Nano
8621,Micro
7892,Micro
7558,Micro
7523,Micro
6928,Micro
6928,Mini
6927,Micro
6927,Mini
6925,Micro
6925,Mini
6924,Micro
6900,Micro
6899,Micro
6838,Mini
6835,Mini
6669,Micro
6565,Mini
6567,Mini
6406,Micro
6346,Micro
6277,Mini
6276,Mini
6244,Mini
6243,Mini
6242,Mini
6041,Micro
5986,Micro
5957,Micro
5956,Micro
5955,Micro
5954,Micro
5935,Micro
5935,Mini
5920,Micro
5909,Mini
5908,Mini
5873,Mini
5761,Mini
5661,Mini
5660,Mini
5662,Mini
5593,Mini
5489,Mini
5458,Mini
5459,Mini
5460,Mini
5411,Mini
5360,Mini
5358,Mini
5359,Micro
5359,Mini
5295,Mini
5282,Mini
5281,Mini
5209,Mini
5208,Mini
5206,Mini
5202,Mini
5023,Mini
4947,Mini
4946,Mini
4901,Mini
4370,Mini
4224,Mini
3548,Mini
12454,Nano
12269,Nano
12522,Nano
12523,Nano
11948,Nano
11642,Nano
10790,Nano
10681,Nano
10529,Nano
10594,Nano
10357,Nano
10593,Nano
10592,Nano
10595,Nano
10297,Nano
9965,Nano
9924,Nano
9797,Nano
9735,Nano
9734,Nano
9487,Nano
9179,Nano
9119,Nano
9102,Nano
9071,Nano
8990,Nano
8908,Nano
8885,Nano
8630,Nano
8519,Nano
8518,Nano
8404,Nano
8444,Nano
8277,Nano
8884,Nano
8884,Micro
8297,Nano
8276,Nano
8633,Nano
8128,Nano
8086,Nano
8066,Nano
8072,Nano
8031,Nano
7884,Nano
7942,Nano
7941,Nano
7940,Nano
8348,Nano
7836,Nano
7758,Nano
7731,Nano
7753,Nano
7627,Nano
7592,Nano
7591,Nano
7576,Nano
7418,Nano
7419,Nano
7275,Nano
7267,Nano
7194,Micro
6977,Nano
7165,Nano
7111,Nano
7310,Nano
6891,Nano
7115,Nano
7183,Nano
6968,Nano
6947,Micro
6921,Nano
6913,Micro
6841,Micro
6830,Micro
6736,Nano
6713,Nano
6715,Nano
6719,Nano
6854,Nano
6637,Nano
6636,Nano
6621,Nano
6608,Micro
6589,Nano
6588,Nano
6581,Nano
6528,Nano
6483,Nano
6463,Mini
6397,Nano
6345,Nano
6234,Micro
6234,Mini
6316,Micro
6316,Mini
6233,Nano
6074,Nano
6009,Mini
6487,Nano
6073,Nano
6160,Nano
5907,Micro
6552,Micro
5870,Micro
5871,Micro
5704,Micro
5666,Micro
5667,Micro
5623,Micro
5505,Micro
5547,Micro
5537,Micro
5536,Mini
5465,Micro
5395,Micro
5498,Micro
5313,Micro
5261,Mini
5118,Micro
5113,Micro
5106,Micro
5105,Micro
5100,Micro
5016,Micro
4976,Micro
5104,Micro
4975,Micro
5000,Micro
4980,Mini
4979,Mini
4951,Mini
4830,Mini
5861,Mini
4829,Mini
4805,Mini
4759,Mini
4997,Mini
4744,Mini
4665,Mini
4977,Mini
4320,Micro
4614,Mini
4572,Micro
4836,Micro
4574,Micro
4575,Mini
4525,Mini
4435,Mini
4099,Mini
4302,Mini
4202,Mini
4161,Mini
4102,Mini
4097,Mini
3958,Mini
4132,Mini
4285,Mini
4196,Mini
4164,Mini
4027,Mini
4131,Mini
4070,Mini
4022,Mini
3964,Mini
3938,Mini
3922,Mini
3901,Mini
3875,Mini
3895,Mini
3887,Mini
3739,Mini
3788,Mini
3776,Mini
3777,Mini
3786,Mini
3787,Mini
3829,Mini
3896,Mini
3706,Mini
3703,Mini
3702,Mini
3585,Mini
3338,Mini
3576,Mini
3557,Mini
3530,Mini
3118,Mini
3556,Mini
3468,Mini
3421,Mini
5058,Mini
3392,Mini
3577,Mini
3337,Mini
3163,Mini
3077,Mini
3141,Mini
3069,Mini
3427,Mini
12720,Nano
12648,Nano
12585,Nano
12530,Nano
12259,Nano
12020,Nano
11918,Nano
11858,Nano
11856,Nano
11641,Nano
11489,Nano
11247,Nano
11328,Nano
11177,Nano
11120,Nano
11121,Nano
11048,Nano
11030,Nano
10755,Nano
10755,eSIM
10642,Nano
10645,Nano
10652,Nano
10579,Nano
10551,Nano
10550,Nano
10555,Nano
10519,Nano
10546,Nano
10475,Nano
10429,Nano
10417,Nano
10418,Nano
10299,Nano
10252,Nano
10292,Nano
10249,Nano
10236,Nano
10219,Nano
10231,Nano
10227,Nano
10222,Nano
10223,Nano
10212,Nano
10203,Nano
10204,Nano
10205,Nano
11010,Nano
10153,Nano
10153,eSIM
10112,Nano
10073,Nano
10074,Nano
10012,Nano
9799,Nano
9956,Nano
9922,Nano
9933,Nano
9905,Nano
9887,Nano
9880,Nano
9885,Nano
9881,Nano
9886,Nano
9765,Nano
9830,Nano
9803,Nano
9823,Nano
9747,Nano
9746,Nano
9728,Nano
9742,Nano
9694,Nano
9705,Nano
9635,Nano
9530,Nano
9545,Nano
9627,Nano
9675,Nano
9645,Nano
9644,Nano
9643,Nano
9668,Nano
9576,Nano
9620,Nano
9625,Nano
9531,Nano
9500,Nano
9501,Nano
9409,Nano
9466,Nano
9368,Nano
9369,Nano
9343,Nano
9367,Nano
9324,Nano
9284,Nano
9272,Nano
9632,Nano
9267,Nano
9209,Nano
9196,Micro
9502,Nano
9162,Nano
9141,Nano
9106,Nano
9107,Nano
9098,Nano
9188,Nano
9114,Nano
9265,Nano
9112,Nano
9092,Nano
8961,Nano
8943,Nano
8899,Nano
8854,Nano
8877,Nano
8857,Nano
8833,Nano
8632,Nano
8715,Nano
8637,Nano
8703,Nano
8672,Nano
8663,Micro
8578,Nano
8695,Nano
8640,Nano
8640,Micro
8686,Micro
8515,Nano
8514,Nano
8598,Nano
8516,Nano
8458,Micro
8396,Nano
8415,Nano
8073,Nano
8315,Nano
8312,Nano
8284,Nano
8301,Micro
8285,Nano
8138,Micro
8037,Micro
8036,Micro
7983,Nano
7745,Nano
7972,Nano
7793,Nano
7793,Micro
7239,Nano
7647,Micro
7588,Nano
7533,Nano
7440,Micro
7309,Micro
7829,Micro
7206,Micro
7279,Nano
7279,Micro
7201,Nano
7201,Micro
7200,Nano
7200,Micro
7006,Nano
7187,Micro
7076,Micro
7077,Micro
7077,Mini
6909,Micro
6908,Mini
6896,Micro
6869,Nano
6869,Micro
7308,Micro
6705,Micro
6677,Micro
6676,Micro
6646,Micro
6543,Nano
6543,Micro
6678,Micro
6499,Micro
6493,Micro
6124,Nano
6124,Micro
6332,Micro
6278,Micro
6168,Micro
6136,Micro
6137,Micro
6129,Micro
6103,Micro
5981,Mini
5979,Micro
5949,Micro
5936,Micro
5921,Mini
5840,Micro
5910,Mini
5633,Mini
5699,Mini
5632,Mini
5539,Mini
5467,Micro
5386,Mini
5382,Mini
5365,Mini
5267,Micro
5257,Mini
5327,Micro
5648,Mini
5439,Mini
5065,Mini
5237,Micro
5164,Micro
5250,Mini
5141,Mini
5077,Mini
5068,Mini
5022,Mini
5020,Mini
4963,Mini
4966,Mini
4882,Mini
4839,Mini
4838,Mini
5383,Mini
4594,Mini
4410,Mini
5002,Mini
4570,Mini
4569,Mini
4568,Mini
4409,Mini
4381,Mini
4264,Mini
4260,Mini
4234,Mini
4109,Mini
4057,Mini
4226,Mini
4204,Mini
3789,Mini
3595,Mini
3596,Mini
3840,Mini
3513,Mini
3451,Mini
11924,Nano
11822,Nano
11498,Nano
11473,Nano
12052,Nano
12521,Nano
11747,Nano
11394,Nano
12008,Nano
10972,Nano
10992,Nano
10970,Nano
10630,Nano
10733,Nano
10406,Nano
10329,Nano
9821,Nano
9822,Nano
9826,Nano
9825,Nano
9824,Nano
9757,Nano
9754,Nano
9711,Nano
9671,Nano
9655,Nano
9609,Nano
9490,Nano
9436,Nano
9489,Nano
9349,Nano
9375,Nano
9374,Nano
9371,Nano
9222,Nano
9226,Nano
9144,Nano
9143,Nano
9116,Nano
8973,Micro
8942,Nano
8834,Nano
8850,Nano
8794,Nano
8603,Nano
8602,Nano
8559,Micro
8423,Nano
8376,Micro
8375,Micro
8506,Micro
8320,Micro
8319,Nano
8318,Nano
8317,Nano
8316,Nano
8208,Mini
8193,Micro
8147,Nano
8147,Micro
8146,Micro
8145,Nano
8125,Nano
8101,Micro
8038,Nano
7952,Micro
7951,Micro
7946,Micro
7939,Micro
7918,Nano
7878,Nano
7865,Micro
7850,Nano
7850,Micro
7802,Micro
7755,Nano
7742,Micro
7605,Mini
8142,Micro
7557,Nano
7557,Micro
7539,Nano
7711,Micro
7552,Micro
7540,Micro
7354,Nano
7511,Nano
8043,Micro
7233,Micro
7233,Mini
7214,Nano
7214,Micro
7197,Micro
7192,Micro
7192,Mini
7147,Micro
7046,Micro
7886,Micro
7088,Micro
7167,Micro
7167,Mini
7090,Micro
7063,Micro
6956,Mini
6938,Micro
6920,Micro
6919,Nano
6848,Micro
6789,Mini
6788,Mini
6787,Mini
6739,Micro
6746,Mini
6730,Micro
6681,Micro
6643,Nano
6643,Micro
6642,Micro
6396,Micro
6529,Mini
6293,Mini
6370,Mini
6296,Mini
6674,Mini
6283,Mini
6281,Micro
6280,Micro
6279,Micro
6159,Micro
6158,Micro
5894,Mini
5893,Mini
5843,Micro
5830,Mini
5851,Mini
5684,Micro
5683,Micro
5689,Mini
5612,Mini
5450,Mini
5850,Mini
5241,Micro
5244,Mini
5247,Mini
5463,Mini
5462,Mini
5245,Mini
5333,Mini
5246,Mini
5243,Mini
5140,Mini
5095,Mini
5094,Mini
5060,Mini
4985,Mini
4956,Mini
4911,Mini
4424,Mini
4445,Mini
10742,Nano
10743,Nano
10744,Nano
10585,Nano
10586,Nano
10564,Nano
10464,Nano
10558,Nano
10463,Nano
10459,Nano
10597,Nano
10368,Nano
10451,Nano
10382,Nano
10090,Nano
10088,Nano
10087,Nano
10086,Nano
9906,Nano
9844,Nano
9827,Nano
9828,Nano
9805,Nano
9804,Nano
9753,Nano
9752,Nano
9751,Nano
9758,Nano
9607,Nano
9540,Nano
9585,Nano
9586,Nano
9587,Nano
9411,Nano
9300,Nano
9544,Nano
9309,Nano
9305,Nano
9304,Nano
9285,Nano
9278,Nano
9251,Nano
9228,Nano
9191,Nano
9206,Nano
9115,Nano
9090,Nano
9122,Nano
10072,Nano
9190,Nano
9074,Nano
9073,Nano
9047,Nano
9006,Nano
8712,Nano
8781,Nano
8756,Nano
8780,Nano
8696,Nano
8466,Nano
8694,Nano
8492,Nano
8679,Nano
8678,Nano
8491,Nano
8490,Nano
8817,Nano
8489,Nano
8488,Micro
8238,Nano
8184,Micro
8183,Micro
8159,Nano
8158,Nano
8081,Nano
8133,Nano
8132,Micro
8079,Nano
8085,Nano
7980,Micro
8269,Nano
8056,Nano
7815,Nano
7977,Nano
7976,Nano
7927,Nano
7926,Micro
7849,Nano
7848,Nano
7883,Micro
7773,Micro
7675,Micro
7606,Nano
7556,Nano
7575,Nano
7496,Micro
7451,Micro
7442,Micro
7437,Micro
7363,Micro
7250,Micro
7245,Micro
7212,Micro
7148,Micro
7051,Micro
7052,Micro
7053,Micro
7054,Micro
6916,Micro
6812,Micro
6764,Micro
6750,Micro
6709,Micro
6606,Micro
6555,Micro
6593,Micro
6592,Micro
6575,Micro
6569,Micro
6562,Micro
6554,Micro
6546,Micro
6545,Micro
6520,Micro
6475,Micro
6315,Mini
6572,Micro
6294,Micro
6357,Micro
7038,Micro
6326,Micro
6307,Mini
6173,Micro
6133,Micro
6118,Micro
6117,Micro
6077,Micro
6171,Mini
6100,Mini
6285,Mini
6101,Mini
6286,Mini
6102,Mini
6052,Micro
5998,Micro
5901,Micro
5705,Micro
5806,Micro
5772,Mini
5736,Mini
5750,Mini
5543,Micro
5650,Mini
5602,Micro
5487,Micro
5509,Micro
5390,Micro
5315,Micro
5722,Micro
5254,Micro
5275,Micro
5373,Mini
5293,Micro
5389,Mini
5292,Mini
5608,Mini
5048,Micro
5078,Mini
5032,Mini
5025,Micro
5062,Micro
4751,Micro
4941,Micro
5005,Micro
4982,Mini
4981,Mini
4964,Mini
4955,Mini
4948,Micro
4932,Micro
4835,Mini
4749,Mini
4739,Mini
4717,Mini
4653,Micro
4649,Mini
4563,Mini
4562,Mini
4545,Mini
4565,Mini
4571,Mini
4554,Micro
4461,Mini
4430,Mini
4416,Mini
4377,Mini
4064,Mini
4329,Mini
4353,Mini
4257,Mini
4213,Mini
4188,Mini
4201,Mini
4140,Mini
4157,Mini
4067,Mini
4309,Mini
4043,Mini
4289,Mini
4287,Mini
4037,Mini
4040,Mini
3886,Mini
3759,Mini
3704,Mini
3762,Mini
3598,Mini
3731,Mini
3558,Mini
3532,Mini
3516,Mini
3081,Mini
12471,Nano
12381,Nano
12321,Nano
12244,Nano
12244,eSIM
12184,Nano
12139,Nano
12137,Nano
12085,Nano
11831,Nano
11831,eSIM
11826,Nano
11826,eSIM
11825,Nano
11669,Nano
11644,Nano
11629,Nano
11381,Nano
11380,Nano
11382,Nano
11358,Nano
11356,Nano
11207,Nano
11135,Nano
11077,Nano
11013,Nano
10967,Nano
11019,Nano
10959,Nano
10955,Nano
10838,Nano
10840,Nano
10841,Nano
10842,Nano
10843,Nano
10844,Nano
10700,Nano
10624,Nano
10584,Nano
10588,Nano
10547,Nano
10404,Nano
10460,Nano
10351,Nano
10273,Nano
10275,Nano
10274,Nano
10142,Nano
10117,Nano
10143,Nano
9993,Nano
9988,Nano
9833,Nano
9834,Nano
9731,Nano
9652,Nano
8867,Nano
9603,Nano
10619,Nano
9604,Nano
9538,Nano
9342,Nano
9364,Nano
9354,Nano
9178,Nano
9246,Nano
9214,Nano
9215,Nano
9216,Nano
9087,Nano
9058,Nano
8972,Nano
9052,Nano
9052,Micro
8513,Nano
8907,Nano
8522,Nano
8572,Nano
8571,Nano
6885,Nano
6877,Micro
6640,Micro
6639,Nano
6638,Nano
6524,Micro
6523,Micro
6383,Micro
6227,Nano
6254,Micro
6255,Micro
6232,Micro
6148,Micro
6147,Micro
6067,Micro
5833,Nano
5869,Micro
5760,Nano
5791,Micro
5438,Micro
5506,Micro
5451,Micro
5437,Micro
5321,Micro
5322,Micro
5150,Micro
5147,Micro
5090,Micro
5069,Micro
5024,Micro
4967,Micro
4968,Micro
4695,Micro
4662,Micro
4576,Micro
4578,Micro
4275,Micro
4240,Micro
4372,Micro
4276,Micro
4220,Mini
4223,Mini
4222,Mini
3398,Micro
3885,Mini
3578,Mini
3545,Mini
3524,Mini
3394,Mini
3397,Mini
3390,Mini
3252,Mini
3109,Mini
12773,Nano
12773,eSIM
12784,Nano
12784,eSIM
12785,Nano
12785,eSIM
12616,Nano
12616,eSIM
12520,Nano
12520,eSIM
12584,Nano
12583,Nano
12189,Nano
12074,Nano
12024,Nano
12024,eSIM
12083,Nano
12083,eSIM
12082,Nano
12082,eSIM
12151,Nano
12004,Nano
11945,Nano
11803,Nano
11736,Nano
11633,Nano
11665,Nano
11600,Nano
11564,Nano
11439,Nano
11459,Nano
11268,Nano
11429,Nano
11403,Nano
11373,Nano
11402,Nano
10954,Nano
11149,Nano
11244,Nano
11215,Nano
11124,Nano
11110,Nano
11062,Nano
10937,Nano
11039,Nano
11087,Nano
11041,Nano
11015,Nano
10996,Nano
10873,Nano
10948,Nano
10900,Nano
10848,Nano
10860,Nano
10850,Nano
10825,Nano
10824,Nano
10469,Nano
10631,Nano
10641,Nano
10718,Nano
10753,Nano
10740,Nano
10578,Nano
10648,Nano
10663,Nano
10604,Nano
10709,Nano
10708,Nano
10603,Nano
10580,Nano
10496,Nano
10498,Nano
10377,Nano
10428,Nano
10412,Nano
10148,Nano
10371,Nano
10261,Nano
10261,eSIM
10355,Nano
10355,eSIM
10338,Nano
10338,eSIM
10333,Nano
10335,Nano
10316,Nano
10314,Nano
10216,Nano
10239,Nano
10208,Micro
10243,Nano
10157,Nano
10483,Nano
10124,Nano
10149,Nano
10138,Nano
10111,Nano
10132,Nano
10079,Nano
10040,Nano
10040,eSIM
10084,Nano
10084,eSIM
10041,Nano
10041,eSIM
10080,Nano
10080,eSIM
10254,Nano
10044,Nano
10044,eSIM
10081,Nano
10081,eSIM
10004,Nano
10001,Nano
10003,Nano
9917,Nano
9999,Nano
9995,Nano
9963,Nano
9937,Micro
9899,Nano
9852,Nano
9818,Nano
9861,Nano
9795,Nano
9796,Nano
9806,Nano
9787,Nano
9732,Nano
9789,Nano
9788,Nano
9793,Nano
9790,Nano
9781,Nano
9730,Micro
9636,Nano
9588,Nano
9536,Nano
9537,Nano
9721,Nano
9505,Nano
9506,Nano
9508,Nano
9659,Nano
9646,Nano
9616,Nano
9554,Nano
9642,Nano
9579,Nano
9661,Nano
9640,Nano
9580,Nano
9581,Nano
9665,Nano
9432,Nano
9352,Nano
9344,Nano
9340,Nano
9163,Nano
9334,Nano
9397,Nano
9335,Nano
9255,Micro
9260,Nano
9234,Nano
8928,Nano
9220,Nano
9202,Nano
9205,Nano
9203,Nano
9204,Micro
9156,Nano
9155,Nano
9153,Micro
9135,Nano
8967,Nano
8966,Nano
8904,Micro
8790,Nano
8886,Nano
8900,Micro
8725,Nano
8789,Nano
8505,Nano
8676,Nano
8778,Nano
8683,Nano
8684,Nano
8675,Nano
8561,Nano
8705,Nano
8438,Nano
9331,Nano
8682,Micro
8161,Nano
8523,Nano
8437,Nano
8577,Micro
8397,Micro
8486,Nano
8435,Nano
8335,Nano
8494,Nano
8336,Nano
8385,Micro
8424,Micro
8347,Nano
7801,Nano
8367,Micro
8342,Nano
8314,Nano
8288,Micro
8242,Nano
8082,Nano
8140,Micro
8192,Micro
8186,Nano
8228,Micro
8083,Micro
8455,Micro
8004,Nano
8126,Micro
8046,Nano
8047,Nano
7903,Nano
7870,Micro
7869,Micro
7880,Micro
7821,Nano
7945,Nano
7961,Nano
7960,Nano
7768,Micro
7879,Nano
7864,Micro
7641,Nano
7759,Nano
7789,Nano
7791,Nano
8022,Micro
7760,Nano
7760,Micro
7679,Micro
7648,Nano
7648,Micro
7273,Micro
7673,Micro
7504,Nano
7431,Nano
7508,Nano
7505,Nano
7467,Nano
7509,Nano
6506,Micro
7468,Micro
7453,Micro
7506,Nano
7249,Nano
7395,Micro
8785,Micro
7185,Micro
7184,Micro
7114,Nano
7134,Micro
8883,Micro
7121,Micro
6990,Micro
7166,Nano
7164,Nano
7079,Nano
7377,Nano
6849,Nano
7034,Micro
7357,Micro
6907,Micro
7132,Nano
6763,Nano
6905,Micro
6879,Nano
6906,Nano
6716,Micro
6802,Nano
6761,Nano
6803,Nano
6762,Nano
6748,Micro
6725,Micro
6790,Micro
6708,Micro
6706,Micro
6631,Micro
6749,Micro
6758,Micro
6434,Micro
6658,Micro
6482,Micro
6576,Micro
6580,Nano
6573,Nano
6563,Micro
6542,Micro
6662,Micro
6534,Micro
6391,Micro
6252,Micro
6478,Micro
6479,Micro
6480,Micro
6481,Mini
6331,Micro
6460,Micro
6450,Micro
6435,Micro
6432,Micro
6433,Micro
6404,Micro
6356,Micro
6210,Micro
6289,Micro
6284,Micro
6250,Micro
6241,Micro
6248,Micro
6240,Micro
6209,Micro
6190,Mini
6272,Micro
6237,Micro
6338,Micro
6033,Micro
6846,Micro
6099,Micro
6054,Mini
6015,Micro
5961,Micro
5975,Micro
5958,Mini
6049,Micro
5904,Mini
5889,Micro
5887,Micro
5886,Micro
5876,Mini
5862,Micro
5814,Micro
5803,Micro
5542,Micro
5786,Micro
5766,Micro
5841,Micro
5749,Micro
5665,Micro
5597,Mini
5447,Micro
5375,Micro
5446,Micro
5456,Micro
5468,Micro
5419,Micro
5422,Micro
5398,Micro
5396,Micro
5394,Mini
5392,Micro
5391,Micro
5314,Micro
5371,Micro
5125,Micro
5420,Micro
5388,Micro
5280,Mini
5279,Mini
5271,Micro
5263,Mini
5221,Micro
5213,Mini
5163,Mini
5162,Mini
5144,Mini
5124,Micro
5111,Mini
5272,Mini
5047,Mini
5033,Mini
5027,Mini
5026,Mini
5019,Mini
5018,Micro
5001,Micro
4992,Mini
4914,Mini
4854,Micro
5152,Micro
4960,Micro
4961,Micro
4957,Mini
4954,Mini
4953,Mini
4923,Mini
4883,Mini
4857,Mini
5114,Mini
4777,Mini
4771,Mini
4750,Mini
4804,Micro
4803,Micro
4799,Micro
4238,Micro
5461,Mini
4566,Mini
4564,Mini
5340,Mini
4559,Mini
3883,Mini
4544,Mini
4543,Mini
4469,Mini
4432,Mini
4420,Mini
4419,Mini
4406,Mini
4415,Mini
4952,Mini
4374,Mini
4397,Mini
4387,Mini
4344,Mini
4158,Mini
4159,Mini
4303,Mini
4277,Mini
4301,Mini
4219,Mini
4327,Mini
4262,Mini
4071,Mini
4239,Mini
4208,Mini
4200,Mini
4198,Micro
4136,Mini
4135,Mini
4130,Mini
4129,Mini
3956,Mini
4376,Mini
4124,Mini
4114,Mini
4117,Mini
4091,Mini
4059,Mini
3967,Mini
4026,Mini
3969,Mini
3968,Mini
3908,Mini
3913,Mini
3920,Mini
3884,Mini
3621,Mini
3761,Mini
3724,Mini
3726,Mini
3741,Mini
3725,Mini
3719,Mini
3620,Mini
3453,Mini
3672,Mini
3370,Mini
3580,Mini
3581,Mini
3408,Mini
3410,Mini
3432,Mini
3395,Mini
3294,Mini
3115,Mini
12534,Nano
12534,eSIM
12263,Nano
12263,eSIM
12264,Nano
12264,eSIM
11838,Nano
11838,eSIM
11521,Nano
11521,eSIM
11522,Nano
11522,eSIM
11174,Nano
11064,Nano
11064,eSIM
10851,Nano
10698,Nano
10707,Nano
10396,Nano
10096,Nano
10095,Nano
10091,Nano
9840,Nano
9543,Nano
9591,Nano
9353,Nano
9592,Nano
9268,Nano
9232,Nano
9166,Nano
9081,Nano
9082,Nano
8985,Nano
8986,Nano
8987,Nano
8804,Nano
8840,Nano
8610,Nano
8619,Nano
8599,Nano
8593,Nano
8595,Nano
8596,Nano
8292,Nano
8313,Nano
8113,Nano
8102,Nano
7949,Nano
7948,Nano
7957,Nano
7950,Nano
7538,Nano
7536,Nano
7537,Nano
7534,Nano
7535,Nano
7465,Nano
7464,Nano
7466,Nano
7463,Nano
7257,Nano
6878,Nano
7228,Nano
7227,Nano
7100,Nano
7068,Nano
7069,Nano
7059,Micro
7060,Micro
7031,Micro
6882,Micro
6663,Micro
6634,Micro
6633,Nano
6632,Nano
6796,Nano
6539,Nano
6582,Micro
6538,Nano
6489,Micro
6488,Micro
6456,Micro
6408,Micro
6146,Micro
6162,Micro
6145,Micro
6144,Micro
5967,Mini
5966,Mini
5968,Micro
5950,Micro
5753,Micro
5596,Micro
5540,Micro
5541,Micro
5497,Micro
5421,Micro
5363,Mini
5364,Micro
5204,Micro
5203,Micro
5148,Mini
5149,Mini
5015,Micro
4958,Micro
4930,Mini
4959,Micro
4899,Micro
4894,Micro
4832,Mini
4718,Mini
4831,Mini
4782,Mini
4781,Mini
4775,Micro
4774,Micro
4773,Micro
4772,Micro
4647,Mini
4408,Mini
4437,Mini
4436,Micro
4369,Micro
4798,Micro
4412,Mini
12572,Nano
12572,eSIM
12581,Nano
12581,eSIM
12776,Nano
12714,Nano
12715,Nano
12716,Nano
12697,Nano
12689,Nano
12684,Nano
12388,Nano
12388,eSIM
12389,Nano
12389,eSIM
12582,Nano
12470,Nano
12245,Nano
12134,Nano
12257,Nano
12258,Nano
12218,Nano
12209,Nano
12181,Nano
12197,Nano
12124,Nano
12188,Nano
12072,Nano
12072,eSIM
12094,Nano
12092,Nano
12063,Nano
12053,Nano
12045,Nano
12047,Nano
11953,Nano
11954,Nano
11955,Nano
11956,Nano
11887,Nano
11887,eSIM
11888,Nano
11904,Nano
11909,Nano
11906,Nano
11855,Nano
11834,Nano
11848,Nano
11832,Nano
11850,Nano
11869,Nano
11819,Nano
11762,Nano
11580,Nano
11472,Nano
11652,Nano
11551,Nano
11519,Nano
11427,Nano
11479,Nano
11487,Nano
11453,Nano
11454,Nano
11455,Nano
11449,Nano
11419,Nano
11425,Nano
11180,Nano
11372,Nano
11430,Nano
11431,Nano
11287,Nano
11285,Nano
11292,Nano
11412,Nano
11395,Nano
11396,Nano
11371,Nano
11388,Nano
11362,Nano
11357,Nano
11333,Nano
11334,Nano
11335,Nano
11336,Nano
11186,Nano
11241,Nano
11193,Nano
11159,Nano
11181,Nano
11152,Nano
11153,Nano
11137,Nano
11119,Nano
11129,Nano
11128,Nano
11134,Nano
11127,Nano
11100,Nano
11099,Nano
11101,Nano
11079,Nano
11060,Nano
11040,Nano
10949,Nano
11008,Nano
10930,Nano
10919,Nano
10857,Nano
10880,Nano
10867,Nano
10737,Nano
10777,Nano
10815,Nano
10665,Nano
10805,Nano
10714,Nano
10802,Nano
10758,Nano
10780,Nano
10662,Nano
10768,Nano
10769,Nano
10247,Nano
10770,Nano
10771,Nano
10752,Nano
10727,Nano
10728,Nano
10661,Nano
10670,Nano
10615,Nano
10616,Nano
10582,Nano
10581,Nano
10609,Nano
10599,Nano
10517,Nano
10437,Nano
10473,Nano
10480,Nano
10591,Nano
10399,Nano
10461,Nano
10415,Nano
10398,Nano
10361,Nano
10349,Nano
10350,Nano
10318,Nano
10279,Nano
10277,Nano
10278,Nano
10233,Nano
10267,Nano
10266,Nano
10202,Nano
10200,Nano
10220,Nano
10235,Nano
10217,Nano
10192,Nano
10183,Nano
10207,Nano
10159,Nano
10150,Nano
10140,Nano
10147,Nano
10126,Nano
10120,Nano
10109,Nano
10110,Nano
10055,Nano
10082,Nano
10169,Nano
10078,Nano
9991,Nano
9979,Nano
9946,Nano
9945,Nano
9936,Nano
9935,Nano
9800,Nano
9897,Nano
9892,Nano
9891,Nano
9884,Nano
9862,Nano
9812,Nano
9779,Nano
9769,Nano
9716,Nano
9759,Nano
9749,Nano
9791,Nano
9738,Nano
9720,Nano
9708,Nano
9707,Nano
9639,Nano
9498,Nano
9521,Nano
9602,Nano
9584,Nano
9583,Nano
9507,Nano
9534,Nano
9513,Nano
9499,Nano
9382,Nano
9378,Nano
9333,Nano
9329,Nano
9293,Nano
9140,Nano
9247,Nano
8963,Nano
9249,Nano
9237,Nano
9217,Nano
9219,Nano
9185,Nano
9067,Nano
9120,Nano
8893,Nano
9164,Nano
8959,Nano
8768,Nano
8898,Nano
8753,Nano
8818,Nano
8707,Nano
8529,Nano
8776,Nano
8582,Nano
8582,Micro
8608,Nano
8608,Micro
8439,Nano
8580,Nano
8580,Micro
8531,Nano
8531,Micro
8420,Nano
8420,Micro
8400,Nano
8014,Nano
8350,Nano
7260,Nano
8291,Nano
8291,Micro
8233,Nano
8233,Micro
8212,Nano
8212,Micro
8250,Nano
8250,Micro
8150,Nano
8150,Micro
8007,Nano
8007,Micro
7962,Nano
7962,Micro
7863,Nano
7863,Micro
7862,Nano
7862,Micro
7822,Micro
7769,Micro
6992,Micro
7480,Micro
7211,Micro
6952,Nano
6952,Micro
6944,Nano
6944,Micro
7159,Micro
6884,Micro
6866,Micro
6561,Mini
6518,Micro
5678,Mini
6373,Mini
5397,Mini
4928,Mini
4929,Mini
12751,Nano
12708,Nano
12712,Nano
12613,Nano
12612,Nano
12611,Nano
12435,Nano
12428,Nano
12399,Nano
12398,Nano
12455,Nano
12157,Nano
12096,Nano
12042,Nano
12015,Nano
12006,Nano
12005,Nano
11944,Nano
11917,Nano
11698,Nano
11649,Nano
11664,Nano
11660,Nano
11958,Nano
11612,Nano
11611,Nano
11516,Nano
11379,Nano
11579,Nano
11364,Nano
11363,Nano
11700,Nano
11243,Nano
11240,Nano
11946,Nano
11203,Nano
11083,Nano
11082,Nano
11009,Nano
10929,Nano
10914,Nano
10885,Nano
10837,Nano
10858,Nano
10798,Nano
10820,Nano
10821,Nano
10772,Nano
10706,Nano
10613,Nano
10614,Nano
10571,Nano
10567,Nano
11728,Nano
11197,Nano
11729,Nano
11723,Nano
10339,Nano
10282,Nano
10281,Nano
11725,Nano
11724,Nano
10193,Nano
10284,Nano
10139,Nano
11705,Nano
10070,Nano
9955,Nano
9954,Nano
9921,Nano
9839,Nano
9780,Nano
9712,Nano
9713,Nano
9714,Nano
9692,Nano
9610,Nano
9695,Nano
9433,Nano
9347,Nano
9171,Nano
9174,Nano
9701,Nano
9161,Nano
9133,Nano
9110,Nano
9088,Nano
8971,Nano
9038,Nano
8970,Nano
9033,Micro
8913,Nano
8902,Nano
8901,Nano
8896,Nano
8838,Nano
8290,Nano
8895,Nano
8894,Nano
8793,Micro
8779,Micro
8752,Nano
8746,Nano
8747,Nano
8677,Nano
8658,Nano
8660,Nano
8615,Nano
8609,Nano
8600,Nano
8601,Nano
8562,Nano
8504,Nano
8501,Nano
8401,Nano
8638,Nano
8387,Nano
8232,Nano
8300,Nano
8182,Nano
8092,Nano
8067,Nano
8091,Nano
8548,Micro
8044,Nano
7963,Nano
9152,Nano
8143,Nano
7944,Nano
7868,Nano
7868,Micro
7852,Micro
7853,Nano
7686,Micro
7670,Nano
7646,Nano
7572,Micro
7485,Nano
7485,Micro
7441,Nano
7430,Micro
7428,Nano
7428,Micro
7422,Nano
8114,Micro
7481,Micro
7656,Micro
7790,Micro
7355,Micro
8244,Micro
7294,Micro
7207,Nano
7168,Micro
7116,Nano
7149,Nano
7891,Micro
7057,Mini
7058,Mini
7056,Micro
6954,Nano
6914,Micro
6898,Micro
6847,Micro
6697,Micro
6641,Micro
6607,Micro
6491,Micro
6492,Micro
6367,Micro
6579,Mini
6381,Mini
6324,Mini
6155,Micro
5948,Micro
5853,Micro
5620,Mini
5499,Micro
5240,Mini
5173,Mini
5133,Mini
4893,Mini
5004,Mini
4983,Mini
4962,Mini
4873,Mini
4597,Mini
4585,Mini
4586,Mini
4598,Mini
4608,Mini
4506,Mini
4467,Mini
4304,Mini
4290,Mini
3391,Mini
