device_id,sound
11706,Jack
11706,Loudspeaker
10981,Jack
10981,Loudspeaker
10980,Jack
10980,Loudspeaker
10679,Jack
10679,Loudspeaker
10680,Jack
10680,Loudspeaker
10682,Jack
10682,Loudspeaker
11659,Jack
11659,Loudspeaker
10618,Jack
10618,Loudspeaker
10490,Jack
10490,Loudspeaker
10016,Jack
10016,Loudspeaker
10017,Jack
10017,Loudspeaker
10018,Jack
10018,Loudspeaker
10019,Jack
10019,Loudspeaker
10042,Jack
10042,Loudspeaker
9842,Jack
9842,Loudspeaker
9843,Jack
9843,Loudspeaker
10108,Jack
10108,Loudspeaker
9837,Jack
9837,Loudspeaker
9510,Jack
9510,Loudspeaker
9511,Jack
9511,Loudspeaker
9985,Jack
9985,Loudspeaker
9574,Jack
9574,Loudspeaker
9291,Jack
9291,Loudspeaker
9012,Jack
9012,Loudspeaker
9004,Jack
9004,Loudspeaker
9084,Jack
9084,Loudspeaker
9085,Jack
9085,Loudspeaker
9086,Jack
9086,Loudspeaker
8989,Jack
8989,Loudspeaker
9093,Jack
9093,Loudspeaker
9094,Jack
9094,Loudspeaker
8844,Jack
8844,Loudspeaker
8832,Jack
8832,Loudspeaker
8843,Jack
8843,Loudspeaker
8569,Jack
8569,Loudspeaker
8377,Jack
8377,Loudspeaker
8298,Jack
8298,Loudspeaker
8205,Jack
8205,Loudspeaker
8157,Jack
8157,Loudspeaker
8449,Jack
8449,Loudspeaker
7896,Jack
7896,Loudspeaker
7897,Jack
7897,Loudspeaker
8167,Jack
8167,Loudspeaker
8230,Jack
8230,Loudspeaker
7776,Jack
7776,Loudspeaker
7720,Jack
7720,Loudspeaker
7570,Jack
7570,Loudspeaker
7190,Jack
7190,Loudspeaker
7234,Jack
7234,Loudspeaker
7081,Jack
7081,Loudspeaker
7080,Jack
7080,Loudspeaker
7098,Jack
7098,Loudspeaker
7097,Jack
7097,Loudspeaker
7096,Jack
7096,Loudspeaker
7095,Jack
7095,Loudspeaker
6936,Jack
6936,Loudspeaker
6934,Jack
6934,Loudspeaker
6933,Jack
6933,Loudspeaker
6979,Jack
6979,Loudspeaker
6774,Jack
6774,Loudspeaker
6773,Jack
6773,Loudspeaker
6732,Jack
6732,Loudspeaker
6712,Jack
6712,Loudspeaker
6657,Jack
6657,Loudspeaker
6656,Jack
6656,Loudspeaker
7154,Jack
7154,Loudspeaker
7153,Jack
7153,Loudspeaker
6655,Jack
6655,Loudspeaker
6654,Jack
6654,Loudspeaker
6653,Jack
6653,Loudspeaker
6619,Jack
6619,Loudspeaker
6599,Jack
6599,Loudspeaker
6516,Jack
6516,Loudspeaker
6153,Jack
6153,Loudspeaker
6152,Jack
6152,Loudspeaker
6151,Jack
6151,Loudspeaker
6139,Jack
6139,Loudspeaker
6138,Jack
6138,Loudspeaker
6134,Jack
6134,Loudspeaker
6130,Jack
6130,Loudspeaker
6135,Jack
6135,Loudspeaker
6131,Jack
6131,Loudspeaker
6132,Jack
6132,Loudspeaker
5937,Jack
5937,Loudspeaker
5938,Jack
5938,Loudspeaker
5741,Jack
5741,Loudspeaker
5740,Jack
5740,Loudspeaker
5693,Jack
5693,Loudspeaker
5692,Jack
5692,Loudspeaker
5687,Jack
5687,Loudspeaker
5691,Jack
5691,Loudspeaker
5671,Jack
5671,Loudspeaker
5672,Jack
5672,Loudspeaker
5668,Jack
5668,Loudspeaker
5669,Jack
5669,Loudspeaker
5449,Jack
5449,Loudspeaker
5681,Jack
5681,Loudspeaker
5318,Jack
5318,Loudspeaker
5319,Jack
5319,Loudspeaker
5332,Jack
5332,Loudspeaker
5231,0.0
5231,Loudspeaker
5230,Jack
5230,Loudspeaker
5229,Jack
5229,Loudspeaker
5228,Jack
5228,Loudspeaker
5242,Jack
5242,Loudspeaker
5226,Jack
5226,Loudspeaker
5218,Jack
5218,Loudspeaker
5139,Jack
5139,Loudspeaker
5110,Jack
5110,Loudspeaker
5165,Jack
5165,Loudspeaker
5080,Jack
5080,Loudspeaker
4663,Jack
4663,Loudspeaker
4661,Jack
4661,Loudspeaker
4659,Jack
4659,Loudspeaker
4528,Jack
4528,Loudspeaker
12558,0.0
12558,Loudspeaker
12559,0.0
12559,Loudspeaker
11773,0.0
11773,Loudspeaker
11860,0.0
11860,Loudspeaker
11862,0.0
11862,Loudspeaker
11861,0.0
11861,Loudspeaker
11410,0.0
11410,Loudspeaker
11089,0.0
11089,Loudspeaker
11102,0.0
11102,Loudspeaker
11103,0.0
11103,Loudspeaker
11104,0.0
11104,Loudspeaker
10237,0.0
10237,Loudspeaker
10508,0.0
10508,Loudspeaker
10509,0.0
10509,Loudspeaker
10510,0.0
10510,Loudspeaker
10170,0.0
10170,Loudspeaker
9846,0.0
9846,Loudspeaker
9847,0.0
9847,Loudspeaker
9848,0.0
9848,Loudspeaker
9319,0.0
9319,Loudspeaker
9318,0.0
9318,Loudspeaker
9320,0.0
9320,Loudspeaker
8858,0.0
8858,Loudspeaker
8131,0.0
8131,Loudspeaker
8573,0.0
8573,Loudspeaker
8065,0.0
8065,Loudspeaker
8064,0.0
8064,Loudspeaker
7969,Jack
7969,Loudspeaker
7243,Jack
7243,Loudspeaker
7242,Jack
7242,Loudspeaker
6665,Jack
6665,Loudspeaker
6378,Jack
6378,Loudspeaker
5685,Jack
5685,Loudspeaker
5690,Jack
5690,Loudspeaker
5070,Jack
5070,Loudspeaker
5061,Jack
5061,Loudspeaker
4910,Jack
4910,Loudspeaker
4212,Jack
4212,Loudspeaker
3275,Jack
3275,Loudspeaker
3716,Jack
3716,Loudspeaker
12380,Jack
12380,Loudspeaker
11656,Jack
11656,Loudspeaker
10892,0.0
10892,Loudspeaker
10893,Jack
10893,Loudspeaker
10393,0.0
10393,Loudspeaker
10379,0.0
10379,Loudspeaker
10296,0.0
10296,Loudspeaker
10328,0.0
10328,Loudspeaker
9770,Jack
9770,Loudspeaker
9698,Jack
9698,Loudspeaker
9634,Jack
9634,Loudspeaker
9633,Jack
9633,Loudspeaker
9410,Jack
9410,Loudspeaker
9373,Jack
9373,Loudspeaker
9372,Jack
9372,Loudspeaker
9224,Jack
9224,Loudspeaker
9194,Jack
9194,Loudspeaker
9173,Jack
9173,Loudspeaker
9096,Jack
9096,Loudspeaker
9061,Jack
9061,Loudspeaker
9068,Jack
9068,Loudspeaker
9097,Jack
9097,Loudspeaker
8953,Jack
8953,Loudspeaker
8866,Jack
8866,Loudspeaker
8783,Jack
8783,Loudspeaker
8782,Jack
8782,Loudspeaker
8892,Jack
8892,Loudspeaker
8862,Jack
8862,Loudspeaker
8808,Jack
8808,Loudspeaker
8784,Jack
8784,Loudspeaker
8811,Jack
8811,Loudspeaker
8814,Jack
8814,Loudspeaker
8810,Jack
8810,Loudspeaker
8749,Jack
8749,Loudspeaker
8801,Jack
8801,Loudspeaker
8681,Jack
8681,Loudspeaker
8579,Jack
8579,Loudspeaker
8550,Jack
8550,Loudspeaker
8502,Jack
8502,Loudspeaker
8509,Jack
8509,Loudspeaker
8503,Jack
8503,Loudspeaker
8493,Jack
8493,Loudspeaker
8467,Jack
8467,Loudspeaker
8425,Jack
8425,Loudspeaker
8384,Jack
8384,Loudspeaker
8218,Jack
8218,Loudspeaker
8207,Jack
8207,Loudspeaker
8206,Jack
8206,Loudspeaker
8197,Jack
8197,Loudspeaker
8156,Jack
8156,Loudspeaker
8130,Jack
8130,Loudspeaker
8129,Jack
8129,Loudspeaker
8106,Jack
8106,Loudspeaker
8111,Jack
8111,Loudspeaker
8262,Jack
8262,Loudspeaker
8097,Jack
8097,Loudspeaker
8095,Jack
8095,Loudspeaker
8045,Jack
8045,Loudspeaker
8048,Jack
8048,Loudspeaker
7866,Jack
7866,Loudspeaker
7733,Jack
7733,Loudspeaker
7577,Jack
7577,Loudspeaker
7368,Jack
7368,Loudspeaker
7476,Jack
7476,Loudspeaker
7475,Jack
7475,Loudspeaker
7479,Jack
7479,Loudspeaker
7757,Jack
7757,Loudspeaker
7477,Jack
7477,Loudspeaker
7478,Jack
7478,Loudspeaker
7474,Jack
7474,Loudspeaker
7473,Jack
7473,Loudspeaker
7444,Jack
7444,Loudspeaker
7378,Jack
7378,Loudspeaker
7255,Jack
7255,Loudspeaker
7256,Jack
7256,Loudspeaker
7261,Jack
7261,Loudspeaker
7044,Jack
7044,Loudspeaker
7120,Jack
7120,Loudspeaker
6917,Jack
6917,Loudspeaker
7045,Jack
7045,Loudspeaker
6982,Jack
6982,Loudspeaker
6953,Jack
6953,Loudspeaker
6918,Jack
6918,Loudspeaker
6897,Jack
6897,Loudspeaker
6737,Jack
6737,Loudspeaker
6630,Jack
6630,Loudspeaker
6629,Jack
6629,Loudspeaker
6429,Jack
6429,Loudspeaker
6428,Jack
6428,Loudspeaker
6414,Jack
6414,Loudspeaker
6413,Jack
6413,Loudspeaker
6412,Jack
6412,Loudspeaker
6394,Jack
6394,Loudspeaker
6519,Jack
6519,Loudspeaker
6238,Jack
6238,Loudspeaker
6120,Jack
6120,Loudspeaker
6853,Jack
6853,Loudspeaker
5953,Jack
5953,Loudspeaker
7160,Jack
7160,Loudspeaker
5952,Jack
5952,Loudspeaker
5891,Jack
5891,Loudspeaker
5706,Jack
5706,Loudspeaker
5675,Jack
5675,Loudspeaker
5674,Jack
5674,Loudspeaker
5494,Jack
5494,Loudspeaker
5329,Jack
5329,Loudspeaker
5328,Jack
5328,Loudspeaker
5249,Jack
5249,Loudspeaker
5091,Jack
5091,Loudspeaker
5017,Jack
5017,Loudspeaker
4850,Jack
4850,Loudspeaker
4422,Jack
4422,Loudspeaker
3965,Jack
3965,Loudspeaker
12603,0.0
12603,Loudspeaker
12459,Jack
12459,Loudspeaker
12458,Jack
12458,Loudspeaker
12457,Jack
12457,Loudspeaker
12456,Jack
12456,Loudspeaker
12153,Jack
12153,Loudspeaker
12102,Jack
12102,Loudspeaker
11830,Jack
11830,Loudspeaker
11829,Jack
11829,Loudspeaker
11828,Jack
11828,Loudspeaker
11757,0.0
11757,Loudspeaker
11716,Jack
11716,Loudspeaker
11715,Jack
11715,Loudspeaker
11673,Jack
11673,Loudspeaker
11672,Jack
11672,Loudspeaker
11643,Jack
11643,Loudspeaker
11509,Jack
11509,Loudspeaker
11368,Jack
11368,Loudspeaker
11348,Jack
11348,Loudspeaker
11319,Jack
11319,Loudspeaker
11318,Jack
11318,Loudspeaker
11258,Jack
11258,Loudspeaker
11096,Jack
11096,Loudspeaker
11095,Jack
11095,Loudspeaker
11094,Jack
11094,Loudspeaker
11073,Jack
11073,Loudspeaker
10934,Jack
10934,Loudspeaker
10935,Jack
10935,Loudspeaker
10781,Jack
10781,Loudspeaker
10745,Jack
10745,Loudspeaker
10741,Jack
10741,Loudspeaker
10730,Jack
10730,Loudspeaker
10729,Jack
10729,Loudspeaker
10731,Jack
10731,Loudspeaker
10732,Jack
10732,Loudspeaker
10607,Jack
10607,Loudspeaker
10535,Jack
10535,Loudspeaker
10537,Jack
10537,Loudspeaker
10538,Jack
10538,Loudspeaker
10540,Jack
10540,Loudspeaker
10539,Jack
10539,Loudspeaker
10470,Jack
10470,Loudspeaker
10453,Jack
10453,Loudspeaker
10403,Jack
10403,Loudspeaker
10359,Jack
10359,Loudspeaker
10313,Jack
10313,Loudspeaker
10312,Jack
10312,Loudspeaker
10160,Jack
10160,Loudspeaker
10107,Jack
10107,Loudspeaker
10106,Jack
10106,Loudspeaker
10105,Jack
10105,Loudspeaker
10047,Jack
10047,Loudspeaker
10046,Jack
10046,Loudspeaker
10045,Jack
10045,Loudspeaker
9967,Jack
9967,Loudspeaker
9930,Jack
9930,Loudspeaker
9929,Jack
9929,Loudspeaker
9855,Jack
9855,Loudspeaker
9877,Jack
9877,Loudspeaker
9876,Jack
9876,Loudspeaker
9718,Jack
9718,Loudspeaker
9597,Jack
9597,Loudspeaker
9542,Jack
9542,Loudspeaker
9482,Jack
9482,Loudspeaker
9470,Jack
9470,Loudspeaker
9360,Jack
9360,Loudspeaker
9325,Jack
9325,Loudspeaker
9314,Jack
9314,Loudspeaker
9307,0.0
9307,Loudspeaker
9302,Jack
9302,Loudspeaker
9301,Jack
9301,Loudspeaker
9277,Jack
9277,Loudspeaker
9254,Jack
9254,Loudspeaker
9253,Jack
9253,Loudspeaker
9223,Jack
9223,Loudspeaker
9184,Jack
9184,Loudspeaker
9165,Jack
9165,Loudspeaker
9154,Jack
9154,Loudspeaker
9146,Jack
9146,Loudspeaker
9131,Jack
9131,Loudspeaker
9072,Jack
9072,Loudspeaker
9064,Jack
9064,Loudspeaker
9063,Jack
9063,Loudspeaker
9007,Jack
9007,Loudspeaker
8835,Jack
8835,Loudspeaker
8621,Jack
8621,Loudspeaker
7892,Jack
7892,Loudspeaker
7558,Jack
7558,Loudspeaker
7523,Jack
7523,Loudspeaker
6928,Jack
6928,Loudspeaker
6927,Jack
6927,Loudspeaker
6925,Jack
6925,Loudspeaker
6924,Jack
6924,Loudspeaker
6900,Jack
6900,Loudspeaker
6899,Jack
6899,Loudspeaker
6838,Jack
6838,Loudspeaker
6835,Jack
6835,Loudspeaker
6669,Jack
6669,Loudspeaker
6565,Jack
6565,Loudspeaker
6567,Jack
6567,Loudspeaker
6406,Jack
6406,Loudspeaker
6405,Jack
6405,Loudspeaker
6346,Jack
6346,Loudspeaker
6330,Jack
6330,Loudspeaker
6277,Jack
6277,Loudspeaker
6276,Jack
6276,Loudspeaker
6244,Jack
6244,Loudspeaker
6243,Jack
6243,Loudspeaker
6242,Jack
6242,Loudspeaker
6041,Jack
6041,Loudspeaker
5986,Jack
5986,Loudspeaker
5957,Jack
5957,Loudspeaker
5956,Jack
5956,Loudspeaker
5955,Jack
5955,Loudspeaker
5954,Jack
5954,Loudspeaker
5935,Jack
5935,Loudspeaker
5920,Jack
5920,Loudspeaker
5909,Jack
5909,Loudspeaker
5908,Jack
5908,Loudspeaker
5873,Jack
5873,Loudspeaker
5761,Jack
5761,Loudspeaker
5661,Jack
5661,Loudspeaker
5660,Jack
5660,Loudspeaker
5662,Jack
5662,Loudspeaker
5593,Jack
5593,Loudspeaker
5489,Jack
5489,Loudspeaker
5458,Jack
5458,Loudspeaker
5459,Jack
5459,Loudspeaker
5460,Jack
5460,Loudspeaker
5411,Jack
5411,Loudspeaker
5360,Jack
5360,Loudspeaker
5358,Jack
5358,Loudspeaker
5359,Jack
5359,Loudspeaker
5295,Jack
5295,Loudspeaker
5282,Jack
5282,Loudspeaker
5281,Jack
5281,Loudspeaker
5209,Jack
5209,Loudspeaker
5208,Jack
5208,Loudspeaker
5206,Jack
5206,Loudspeaker
5205,Jack
5205,Loudspeaker
5202,Jack
5202,Loudspeaker
5201,Jack
5201,Loudspeaker
5023,Jack
5023,Loudspeaker
4947,Jack
4947,Loudspeaker
4946,Jack
4946,Loudspeaker
4901,Jack
4901,Loudspeaker
4370,Jack
4370,Loudspeaker
4224,Jack
4224,Loudspeaker
3548,Jack
3548,Loudspeaker
12454,Jack
12454,Loudspeaker
12269,Jack
12269,Loudspeaker
12522,0.0
12522,Loudspeaker
12523,Jack
12523,Loudspeaker
11948,Jack
11948,Loudspeaker
11642,Jack
11642,Loudspeaker
10790,Jack
10790,Loudspeaker
10681,0.0
10681,Loudspeaker
10529,Jack
10529,Loudspeaker
10594,Jack
10594,Loudspeaker
10357,Jack
10357,Loudspeaker
10593,Jack
10593,Loudspeaker
10592,Jack
10592,Loudspeaker
10595,Jack
10595,Loudspeaker
10297,Jack
10297,Loudspeaker
9965,Jack
9965,Loudspeaker
9924,Jack
9924,Loudspeaker
9797,Jack
9797,Loudspeaker
9735,0.0
9735,Loudspeaker
9734,Jack
9734,Loudspeaker
9487,Jack
9487,Loudspeaker
9179,Jack
9179,Loudspeaker
9119,0.0
9119,Loudspeaker
9102,Jack
9102,Loudspeaker
9071,Jack
9071,Loudspeaker
8990,0.0
8990,Loudspeaker
8908,0.0
8908,Loudspeaker
8885,0.0
8885,Loudspeaker
8630,0.0
8630,Loudspeaker
8519,0.0
8519,Loudspeaker
8518,0.0
8518,Loudspeaker
8404,0.0
8404,Loudspeaker
8444,Jack
8444,Loudspeaker
8277,Jack
8277,Loudspeaker
8884,Jack
8884,Loudspeaker
8297,Jack
8297,Loudspeaker
8276,Jack
8276,Loudspeaker
8633,Jack
8633,Loudspeaker
8128,Jack
8128,Loudspeaker
8086,Jack
8086,Loudspeaker
8066,Jack
8066,Loudspeaker
8072,Jack
8072,Loudspeaker
8031,Jack
8031,Loudspeaker
7884,Jack
7884,Loudspeaker
7942,Jack
7942,Loudspeaker
7941,Jack
7941,Loudspeaker
7940,Jack
7940,Loudspeaker
8348,Jack
8348,Loudspeaker
7836,Jack
7836,Loudspeaker
7758,Jack
7758,Loudspeaker
7731,Jack
7731,Loudspeaker
7753,Jack
7753,Loudspeaker
7627,Jack
7627,Loudspeaker
7592,Jack
7592,Loudspeaker
7591,Jack
7591,Loudspeaker
7576,Jack
7576,Loudspeaker
7418,Jack
7418,Loudspeaker
7419,Jack
7419,Loudspeaker
7275,Jack
7275,Loudspeaker
7267,Jack
7267,Loudspeaker
7194,Jack
7194,Loudspeaker
6977,Jack
6977,Loudspeaker
7165,Jack
7165,Loudspeaker
7111,Jack
7111,Loudspeaker
7310,Jack
7310,Loudspeaker
6891,Jack
6891,Loudspeaker
7115,Jack
7115,Loudspeaker
7183,Jack
7183,Loudspeaker
6968,Jack
6968,Loudspeaker
6947,Jack
6947,Loudspeaker
6921,Jack
6921,Loudspeaker
6913,Jack
6913,Loudspeaker
6841,Jack
6841,Loudspeaker
6830,Jack
6830,Loudspeaker
6736,Jack
6736,Loudspeaker
6713,Jack
6713,Loudspeaker
6715,Jack
6715,Loudspeaker
6719,Jack
6719,Loudspeaker
6854,Jack
6854,Loudspeaker
6637,Jack
6637,Loudspeaker
6636,Jack
6636,Loudspeaker
6621,Jack
6621,Loudspeaker
6608,Jack
6608,Loudspeaker
6589,Jack
6589,Loudspeaker
6588,Jack
6588,Loudspeaker
6581,Jack
6581,Loudspeaker
6528,Jack
6528,Loudspeaker
6483,Jack
6483,Loudspeaker
6463,Jack
6463,Loudspeaker
6397,Jack
6397,Loudspeaker
6345,Jack
6345,Loudspeaker
6234,Jack
6234,Loudspeaker
6316,Jack
6316,Loudspeaker
6233,Jack
6233,Loudspeaker
6074,Jack
6074,Loudspeaker
6009,Jack
6009,Loudspeaker
6487,Jack
6487,Loudspeaker
6073,Jack
6073,Loudspeaker
6160,Jack
6160,Loudspeaker
5907,Jack
5907,Loudspeaker
6552,Jack
6552,Loudspeaker
5870,Jack
5870,Loudspeaker
5871,Jack
5871,Loudspeaker
5704,Jack
5704,Loudspeaker
5666,Jack
5666,Loudspeaker
5667,Jack
5667,Loudspeaker
5623,Jack
5623,Loudspeaker
5505,Jack
5505,Loudspeaker
5547,Jack
5547,Loudspeaker
5537,Jack
5537,Loudspeaker
5536,Jack
5536,Loudspeaker
5465,Jack
5465,Loudspeaker
5395,Jack
5395,Loudspeaker
5498,Jack
5498,Loudspeaker
5313,Jack
5313,Loudspeaker
5261,Jack
5261,Loudspeaker
5118,Jack
5118,Loudspeaker
5113,Jack
5113,Loudspeaker
5106,Jack
5106,Loudspeaker
5105,Jack
5105,Loudspeaker
5100,Jack
5100,Loudspeaker
5016,Jack
5016,Loudspeaker
4976,Jack
4976,Loudspeaker
5104,Jack
5104,Loudspeaker
4975,Jack
4975,Loudspeaker
5000,Jack
5000,Loudspeaker
4980,Jack
4980,Loudspeaker
4979,Jack
4979,Loudspeaker
4951,Jack
4951,Loudspeaker
4830,Jack
4830,Loudspeaker
5861,Jack
5861,Loudspeaker
4829,Jack
4829,Loudspeaker
4805,Jack
4805,Loudspeaker
4759,Jack
4759,Loudspeaker
4997,Jack
4997,Loudspeaker
4744,Jack
4744,Loudspeaker
4665,Jack
4665,Loudspeaker
4977,Jack
4977,Loudspeaker
4320,Jack
4320,Loudspeaker
4614,Jack
4614,Loudspeaker
4572,Jack
4572,Loudspeaker
4836,Jack
4836,Loudspeaker
4574,Jack
4574,Loudspeaker
4575,Jack
4575,Loudspeaker
4525,Jack
4525,Loudspeaker
4435,Jack
4435,Loudspeaker
4099,Jack
4099,Loudspeaker
4302,Jack
4302,Loudspeaker
4202,Jack
4202,Loudspeaker
4161,Jack
4161,Loudspeaker
4102,Jack
4102,Loudspeaker
4097,Jack
4097,Loudspeaker
3958,Jack
3958,Loudspeaker
4132,Jack
4132,Loudspeaker
4285,Jack
4285,Loudspeaker
4196,Jack
4196,Loudspeaker
4164,Jack
4164,Loudspeaker
4027,Jack
4027,Loudspeaker
4131,Jack
4131,Loudspeaker
4070,Jack
4070,Loudspeaker
4022,Jack
4022,Loudspeaker
3964,Jack
3964,Loudspeaker
3938,Jack
3938,Loudspeaker
3922,Jack
3922,Loudspeaker
3901,Jack
3901,Loudspeaker
3875,Jack
3875,Loudspeaker
3895,Jack
3895,Loudspeaker
3887,Jack
3887,Loudspeaker
3739,Jack
3739,Loudspeaker
3788,Jack
3788,Loudspeaker
3776,Jack
3776,Loudspeaker
3777,Jack
3777,Loudspeaker
3786,Jack
3786,Loudspeaker
3787,Jack
3787,Loudspeaker
3829,Jack
3829,Loudspeaker
3953,Jack
3953,Loudspeaker
3896,Jack
3896,Loudspeaker
3706,Jack
3706,Loudspeaker
3703,Jack
3703,Loudspeaker
3702,Jack
3702,Loudspeaker
3585,Jack
3585,Loudspeaker
3338,Jack
3338,Loudspeaker
3576,Jack
3576,Loudspeaker
3557,Jack
3557,Loudspeaker
3530,Jack
3530,Loudspeaker
3118,Jack
3118,Loudspeaker
3556,Jack
3556,Loudspeaker
3468,Jack
3468,Loudspeaker
3421,Jack
3421,Loudspeaker
5058,Jack
5058,Loudspeaker
3392,Jack
3392,Loudspeaker
3577,Jack
3577,Loudspeaker
3337,Jack
3337,Loudspeaker
3163,Jack
3163,Loudspeaker
3077,Jack
3077,Loudspeaker
3141,Jack
3141,Loudspeaker
3069,Jack
3069,Loudspeaker
3427,Jack
3427,Loudspeaker
12720,0.0
12720,Loudspeaker
12648,0.0
12648,Loudspeaker
12585,0.0
12585,Loudspeaker
12530,0.0
12530,Loudspeaker
12259,Jack
12259,Loudspeaker
12020,Jack
12020,Loudspeaker
11918,0.0
11918,Loudspeaker
11858,0.0
11858,Loudspeaker
11856,0.0
11856,Loudspeaker
11641,0.0
11641,Loudspeaker
11489,Jack
11489,Loudspeaker
11247,0.0
11247,Loudspeaker
11328,Jack
11328,Loudspeaker
11177,Jack
11177,Loudspeaker
11120,0.0
11120,Loudspeaker
11121,0.0
11121,Loudspeaker
11048,0.0
11048,Loudspeaker
11030,Jack
11030,Loudspeaker
10755,0.0
10755,Loudspeaker
10642,0.0
10642,Loudspeaker
10645,0.0
10645,Loudspeaker
10652,Jack
10652,Loudspeaker
10579,0.0
10579,Loudspeaker
10551,0.0
10551,Loudspeaker
10550,0.0
10550,Loudspeaker
10555,0.0
10555,Loudspeaker
10519,Jack
10519,Loudspeaker
10546,Jack
10546,Loudspeaker
10475,Jack
10475,Loudspeaker
10429,Jack
10429,Loudspeaker
10417,Jack
10417,Loudspeaker
10418,Jack
10418,Loudspeaker
10299,Jack
10299,Loudspeaker
10252,Jack
10252,Loudspeaker
10292,Jack
10292,Loudspeaker
10249,Jack
10249,Loudspeaker
10236,Jack
10236,Loudspeaker
10219,0.0
10219,Loudspeaker
10231,Jack
10231,Loudspeaker
10227,Jack
10227,Loudspeaker
10222,Jack
10222,Loudspeaker
10223,Jack
10223,Loudspeaker
10212,Jack
10212,Loudspeaker
10203,0.0
10203,Loudspeaker
10204,0.0
10204,Loudspeaker
10205,Jack
10205,Loudspeaker
11010,Jack
11010,Loudspeaker
10153,0.0
10153,Loudspeaker
10112,Jack
10112,Loudspeaker
10073,Jack
10073,Loudspeaker
10074,Jack
10074,Loudspeaker
10012,Jack
10012,Loudspeaker
9799,Jack
9799,Loudspeaker
9956,Jack
9956,Loudspeaker
9922,Jack
9922,Loudspeaker
9933,Jack
9933,Loudspeaker
9905,Jack
9905,Loudspeaker
9887,0.0
9887,Loudspeaker
9880,0.0
9880,Loudspeaker
9885,0.0
9885,Loudspeaker
9881,Jack
9881,Loudspeaker
9886,Jack
9886,Loudspeaker
9765,Jack
9765,Loudspeaker
9830,Jack
9830,Loudspeaker
9803,0.0
9803,Loudspeaker
9823,0.0
9823,Loudspeaker
9747,0.0
9747,Loudspeaker
9746,0.0
9746,Loudspeaker
9728,0.0
9728,Loudspeaker
9742,Jack
9742,Loudspeaker
9694,Jack
9694,Loudspeaker
9705,0.0
9705,Loudspeaker
9635,0.0
9635,Loudspeaker
9530,Jack
9530,Loudspeaker
9545,Jack
9545,Loudspeaker
9627,Jack
9627,Loudspeaker
9675,Jack
9675,Loudspeaker
9645,Jack
9645,Loudspeaker
9644,Jack
9644,Loudspeaker
9643,Jack
9643,Loudspeaker
9668,Jack
9668,Loudspeaker
9576,Jack
9576,Loudspeaker
9620,Jack
9620,Loudspeaker
9625,Jack
9625,Loudspeaker
9531,Jack
9531,Loudspeaker
9500,Jack
9500,Loudspeaker
9501,Jack
9501,Loudspeaker
9409,Jack
9409,Loudspeaker
9466,Jack
9466,Loudspeaker
9368,0.0
9368,Loudspeaker
9369,Jack
9369,Loudspeaker
9343,0.0
9343,Loudspeaker
9367,Jack
9367,Loudspeaker
9324,Jack
9324,Loudspeaker
9284,Jack
9284,Loudspeaker
9272,Jack
9272,Loudspeaker
9632,Jack
9632,Loudspeaker
9267,Jack
9267,Loudspeaker
9209,Jack
9209,Loudspeaker
9196,Jack
9196,Loudspeaker
9502,Jack
9502,Loudspeaker
9162,Jack
9162,Loudspeaker
9141,0.0
9141,Loudspeaker
9106,0.0
9106,Loudspeaker
9107,0.0
9107,Loudspeaker
9098,Jack
9098,Loudspeaker
9188,Jack
9188,Loudspeaker
9114,Jack
9114,Loudspeaker
9265,Jack
9265,Loudspeaker
9112,Jack
9112,Loudspeaker
9092,0.0
9092,Loudspeaker
8961,Jack
8961,Loudspeaker
8943,Jack
8943,Loudspeaker
8899,0.0
8899,Loudspeaker
8854,0.0
8854,Loudspeaker
8877,Jack
8877,Loudspeaker
8857,Jack
8857,Loudspeaker
8833,Jack
8833,Loudspeaker
8632,Jack
8632,Loudspeaker
8715,Jack
8715,Loudspeaker
8637,Jack
8637,Loudspeaker
8703,Jack
8703,Loudspeaker
8672,Jack
8672,Loudspeaker
8663,Jack
8663,Loudspeaker
8578,Jack
8578,Loudspeaker
8635,Jack
8635,Loudspeaker
8687,Jack
8687,Loudspeaker
8695,Jack
8695,Loudspeaker
8640,Jack
8640,Loudspeaker
8686,Jack
8686,Loudspeaker
8515,Jack
8515,Loudspeaker
8514,Jack
8514,Loudspeaker
8598,Jack
8598,Loudspeaker
8516,Jack
8516,Loudspeaker
8458,Jack
8458,Loudspeaker
8396,Jack
8396,Loudspeaker
8415,Jack
8415,Loudspeaker
8073,Jack
8073,Loudspeaker
8402,Jack
8402,Loudspeaker
8315,Jack
8315,Loudspeaker
8312,Jack
8312,Loudspeaker
8284,Jack
8284,Loudspeaker
8302,Jack
8302,Loudspeaker
8301,Jack
8301,Loudspeaker
8285,Jack
8285,Loudspeaker
8138,Jack
8138,Loudspeaker
8084,Jack
8084,Loudspeaker
8037,Jack
8037,Loudspeaker
8036,Jack
8036,Loudspeaker
7983,Jack
7983,Loudspeaker
7745,Jack
7745,Loudspeaker
7972,Jack
7972,Loudspeaker
7793,Jack
7793,Loudspeaker
7239,Jack
7239,Loudspeaker
7744,Jack
7744,Loudspeaker
7647,Jack
7647,Loudspeaker
7588,Jack
7588,Loudspeaker
7533,Jack
7533,Loudspeaker
7440,Jack
7440,Loudspeaker
7309,Jack
7309,Loudspeaker
7829,Jack
7829,Loudspeaker
7206,Jack
7206,Loudspeaker
7279,Jack
7279,Loudspeaker
7201,Jack
7201,Loudspeaker
7200,Jack
7200,Loudspeaker
7006,Jack
7006,Loudspeaker
7187,Jack
7187,Loudspeaker
7075,Jack
7075,Loudspeaker
7076,Jack
7076,Loudspeaker
7077,Jack
7077,Loudspeaker
6909,Jack
6909,Loudspeaker
6908,Jack
6908,Loudspeaker
6896,Jack
6896,Loudspeaker
6869,Jack
6869,Loudspeaker
7308,Jack
7308,Loudspeaker
6705,Jack
6705,Loudspeaker
6677,Jack
6677,Loudspeaker
6676,Jack
6676,Loudspeaker
6646,Jack
6646,Loudspeaker
6543,Jack
6543,Loudspeaker
6678,Jack
6678,Loudspeaker
6499,Jack
6499,Loudspeaker
6493,Jack
6493,Loudspeaker
6124,Jack
6124,Loudspeaker
6332,Jack
6332,Loudspeaker
6290,Jack
6290,Loudspeaker
6278,Jack
6278,Loudspeaker
6168,Jack
6168,Loudspeaker
6136,Jack
6136,Loudspeaker
6137,Jack
6137,Loudspeaker
6129,Jack
6129,Loudspeaker
6103,Jack
6103,Loudspeaker
5981,Jack
5981,Loudspeaker
5979,Jack
5979,Loudspeaker
5949,Jack
5949,Loudspeaker
5936,Jack
5936,Loudspeaker
5921,Jack
5921,Loudspeaker
5840,Jack
5840,Loudspeaker
5910,Jack
5910,Loudspeaker
5485,Jack
5485,Loudspeaker
5633,Jack
5633,Loudspeaker
5699,Jack
5699,Loudspeaker
5632,Jack
5632,Loudspeaker
5698,Jack
5698,Loudspeaker
5539,Jack
5539,Loudspeaker
5467,Jack
5467,Loudspeaker
5386,Jack
5386,Loudspeaker
5382,Jack
5382,Loudspeaker
5365,Jack
5365,Loudspeaker
5267,Jack
5267,Loudspeaker
5257,Jack
5257,Loudspeaker
5327,Jack
5327,Loudspeaker
5648,Jack
5648,Loudspeaker
5439,Jack
5439,Loudspeaker
5065,Jack
5065,Loudspeaker
5237,Jack
5237,Loudspeaker
5164,Jack
5164,Loudspeaker
5250,Jack
5250,Loudspeaker
5141,Jack
5141,Loudspeaker
5112,Jack
5112,Loudspeaker
5077,Jack
5077,Loudspeaker
5068,Jack
5068,Loudspeaker
5022,Jack
5022,Loudspeaker
5020,Jack
5020,Loudspeaker
4963,Jack
4963,Loudspeaker
4966,Jack
4966,Loudspeaker
4882,Jack
4882,Loudspeaker
4839,Jack
4839,Loudspeaker
4838,Jack
4838,Loudspeaker
5383,Jack
5383,Loudspeaker
4594,Jack
4594,Loudspeaker
4410,Jack
4410,Loudspeaker
5002,Jack
5002,Loudspeaker
4570,Jack
4570,Loudspeaker
4569,Jack
4569,Loudspeaker
4568,Jack
4568,Loudspeaker
4409,Jack
4409,Loudspeaker
4381,Jack
4381,Loudspeaker
4264,Jack
4264,Loudspeaker
4265,Jack
4265,Loudspeaker
4260,Jack
4260,Loudspeaker
4234,Jack
4234,Loudspeaker
4109,Jack
4109,Loudspeaker
4057,Jack
4057,Loudspeaker
4226,Jack
4226,Loudspeaker
4204,Jack
4204,Loudspeaker
3789,Jack
3789,Loudspeaker
3595,Jack
3595,Loudspeaker
3596,Jack
3596,Loudspeaker
3840,Jack
3840,Loudspeaker
3513,Jack
3513,Loudspeaker
3451,Jack
3451,Loudspeaker
11924,Jack
11924,Loudspeaker
11822,Jack
11822,Loudspeaker
11498,Jack
11498,Loudspeaker
11473,Jack
11473,Loudspeaker
12476,0.0
12476,Loudspeaker
12052,Jack
12052,Loudspeaker
12521,Jack
12521,Loudspeaker
11747,0.0
11747,Loudspeaker
11394,Jack
11394,Loudspeaker
12008,Jack
12008,Loudspeaker
10972,Jack
10972,Loudspeaker
10992,Jack
10992,Loudspeaker
10970,Jack
10970,Loudspeaker
10630,Jack
10630,Loudspeaker
10733,Jack
10733,Loudspeaker
10406,Jack
10406,Loudspeaker
10329,0.0
10329,Loudspeaker
9821,Jack
9821,Loudspeaker
9822,Jack
9822,Loudspeaker
9826,Jack
9826,Loudspeaker
9825,Jack
9825,Loudspeaker
9824,Jack
9824,Loudspeaker
9757,Jack
9757,Loudspeaker
9754,Jack
9754,Loudspeaker
9711,Jack
9711,Loudspeaker
9671,Jack
9671,Loudspeaker
9655,Jack
9655,Loudspeaker
9609,Jack
9609,Loudspeaker
9490,Jack
9490,Loudspeaker
9436,Jack
9436,Loudspeaker
9489,0.0
9489,Loudspeaker
9349,0.0
9349,Loudspeaker
9375,Jack
9375,Loudspeaker
9374,Jack
9374,Loudspeaker
9371,Jack
9371,Loudspeaker
9222,Jack
9222,Loudspeaker
9226,Jack
9226,Loudspeaker
9225,Jack
9225,Loudspeaker
9144,Jack
9144,Loudspeaker
9143,Jack
9143,Loudspeaker
9116,Jack
9116,Loudspeaker
8973,Jack
8973,Loudspeaker
8942,Jack
8942,Loudspeaker
8941,Jack
8941,Loudspeaker
8834,Jack
8834,Loudspeaker
8850,Jack
8850,Loudspeaker
8794,Jack
8794,Loudspeaker
8603,Jack
8603,Loudspeaker
8602,Jack
8602,Loudspeaker
8559,Jack
8559,Loudspeaker
8423,Jack
8423,Loudspeaker
8376,Jack
8376,Loudspeaker
8375,Jack
8375,Loudspeaker
8506,Jack
8506,Loudspeaker
8320,Jack
8320,Loudspeaker
8319,Jack
8319,Loudspeaker
8318,Jack
8318,Loudspeaker
8317,Jack
8317,Loudspeaker
8316,Jack
8316,Loudspeaker
8208,Jack
8208,Loudspeaker
8193,Jack
8193,Loudspeaker
8147,Jack
8147,Loudspeaker
8146,Jack
8146,Loudspeaker
8145,Jack
8145,Loudspeaker
8125,Jack
8125,Loudspeaker
8101,Jack
8101,Loudspeaker
8038,Jack
8038,Loudspeaker
7952,Jack
7952,Loudspeaker
7951,Jack
7951,Loudspeaker
7947,Jack
7947,Loudspeaker
7946,Jack
7946,Loudspeaker
7939,Jack
7939,Loudspeaker
7918,Jack
7918,Loudspeaker
7878,Jack
7878,Loudspeaker
7865,Jack
7865,Loudspeaker
7850,Jack
7850,Loudspeaker
7802,Jack
7802,Loudspeaker
7755,Jack
7755,Loudspeaker
7742,Jack
7742,Loudspeaker
7605,Jack
7605,Loudspeaker
8142,Jack
8142,Loudspeaker
7557,Jack
7557,Loudspeaker
7539,Jack
7539,Loudspeaker
7711,Jack
7711,Loudspeaker
7552,Jack
7552,Loudspeaker
7540,Jack
7540,Loudspeaker
7354,Jack
7354,Loudspeaker
7511,Jack
7511,Loudspeaker
7507,Jack
7507,Loudspeaker
8043,Jack
8043,Loudspeaker
7233,Jack
7233,Loudspeaker
7214,Jack
7214,Loudspeaker
7197,Jack
7197,Loudspeaker
7192,Jack
7192,Loudspeaker
7147,Jack
7147,Loudspeaker
7046,Jack
7046,Loudspeaker
7886,Jack
7886,Loudspeaker
7088,Jack
7088,Loudspeaker
7167,Jack
7167,Loudspeaker
7090,Jack
7090,Loudspeaker
7063,Jack
7063,Loudspeaker
6956,Jack
6956,Loudspeaker
8185,Jack
8185,Loudspeaker
6955,Jack
6955,Loudspeaker
6938,Jack
6938,Loudspeaker
6920,Jack
6920,Loudspeaker
6919,Jack
6919,Loudspeaker
6848,Jack
6848,Loudspeaker
6842,Jack
6842,Loudspeaker
6855,Jack
6855,Loudspeaker
6789,Jack
6789,Loudspeaker
6788,Jack
6788,Loudspeaker
6787,Jack
6787,Loudspeaker
6739,Jack
6739,Loudspeaker
6746,Jack
6746,Loudspeaker
6730,Jack
6730,Loudspeaker
6681,Jack
6681,Loudspeaker
6643,Jack
6643,Loudspeaker
6642,Jack
6642,Loudspeaker
6595,Jack
6595,Loudspeaker
6396,Jack
6396,Loudspeaker
6529,Jack
6529,Loudspeaker
6293,Jack
6293,Loudspeaker
6370,Jack
6370,Loudspeaker
6673,Jack
6673,Loudspeaker
6369,Jack
6369,Loudspeaker
6368,Jack
6368,Loudspeaker
6296,Jack
6296,Loudspeaker
6674,Jack
6674,Loudspeaker
6283,Jack
6283,Loudspeaker
6281,Jack
6281,Loudspeaker
6280,Jack
6280,Loudspeaker
6279,Jack
6279,Loudspeaker
6159,Jack
6159,Loudspeaker
6158,Jack
6158,Loudspeaker
6157,Jack
6157,Loudspeaker
6047,Jack
6047,Loudspeaker
5934,Jack
5934,Loudspeaker
5894,Jack
5894,Loudspeaker
5893,Jack
5893,Loudspeaker
5843,Jack
5843,Loudspeaker
5830,Jack
5830,Loudspeaker
5851,Jack
5851,Loudspeaker
5684,Jack
5684,Loudspeaker
5683,Jack
5683,Loudspeaker
5689,Jack
5689,Loudspeaker
5612,Jack
5612,Loudspeaker
5544,Jack
5544,Loudspeaker
5486,Jack
5486,Loudspeaker
5450,Jack
5450,Loudspeaker
5850,Jack
5850,Loudspeaker
5385,Jack
5385,Loudspeaker
5353,Jack
5353,Loudspeaker
5352,Jack
5352,Loudspeaker
5241,Jack
5241,Loudspeaker
5244,Jack
5244,Loudspeaker
5247,Jack
5247,Loudspeaker
5463,Jack
5463,Loudspeaker
5462,Jack
5462,Loudspeaker
5245,Jack
5245,Loudspeaker
5333,Jack
5333,Loudspeaker
5246,Jack
5246,Loudspeaker
5243,Jack
5243,Loudspeaker
5140,Jack
5140,Loudspeaker
5095,Jack
5095,Loudspeaker
5094,Jack
5094,Loudspeaker
5060,Jack
5060,Loudspeaker
4985,Jack
4985,Loudspeaker
4956,Jack
4956,Loudspeaker
4911,Jack
4911,Loudspeaker
4424,Jack
4424,Loudspeaker
4445,Jack
4445,Loudspeaker
10742,Jack
10742,Loudspeaker
10743,Jack
10743,Loudspeaker
10744,Jack
10744,Loudspeaker
10585,Jack
10585,Loudspeaker
10586,Jack
10586,Loudspeaker
10564,Jack
10564,Loudspeaker
10464,Jack
10464,Loudspeaker
10558,Jack
10558,Loudspeaker
10463,Jack
10463,Loudspeaker
10459,Jack
10459,Loudspeaker
10597,Jack
10597,Loudspeaker
10368,Jack
10368,Loudspeaker
10451,Jack
10451,Loudspeaker
10382,Jack
10382,Loudspeaker
10090,Jack
10090,Loudspeaker
10088,Jack
10088,Loudspeaker
10087,Jack
10087,Loudspeaker
10086,Jack
10086,Loudspeaker
9906,Jack
9906,Loudspeaker
9844,Jack
9844,Loudspeaker
9827,Jack
9827,Loudspeaker
9828,Jack
9828,Loudspeaker
9805,Jack
9805,Loudspeaker
9804,Jack
9804,Loudspeaker
9753,Jack
9753,Loudspeaker
9752,Jack
9752,Loudspeaker
9751,Jack
9751,Loudspeaker
9758,Jack
9758,Loudspeaker
9607,Jack
9607,Loudspeaker
9540,Jack
9540,Loudspeaker
9585,Jack
9585,Loudspeaker
9586,Jack
9586,Loudspeaker
9587,Jack
9587,Loudspeaker
9411,Jack
9411,Loudspeaker
9300,Jack
9300,Loudspeaker
9544,Jack
9544,Loudspeaker
9309,Jack
9309,Loudspeaker
9305,Jack
9305,Loudspeaker
9304,Jack
9304,Loudspeaker
9285,Jack
9285,Loudspeaker
9278,Jack
9278,Loudspeaker
9251,Jack
9251,Loudspeaker
9228,Jack
9228,Loudspeaker
9191,Jack
9191,Loudspeaker
9206,Jack
9206,Loudspeaker
9115,Jack
9115,Loudspeaker
9090,Jack
9090,Loudspeaker
9122,Jack
9122,Loudspeaker
10072,Jack
10072,Loudspeaker
9190,Jack
9190,Loudspeaker
9074,Jack
9074,Loudspeaker
9073,Jack
9073,Loudspeaker
9047,Jack
9047,Loudspeaker
9006,Jack
9006,Loudspeaker
8712,Jack
8712,Loudspeaker
8781,Jack
8781,Loudspeaker
8756,Jack
8756,Loudspeaker
8780,Jack
8780,Loudspeaker
8696,Jack
8696,Loudspeaker
8466,Jack
8466,Loudspeaker
8584,Jack
8584,Loudspeaker
8694,Jack
8694,Loudspeaker
8492,Jack
8492,Loudspeaker
8679,Jack
8679,Loudspeaker
8678,Jack
8678,Loudspeaker
8491,Jack
8491,Loudspeaker
8490,Jack
8490,Loudspeaker
8817,Jack
8817,Loudspeaker
8489,Jack
8489,Loudspeaker
8488,Jack
8488,Loudspeaker
8238,Jack
8238,Loudspeaker
8184,Jack
8184,Loudspeaker
8183,Jack
8183,Loudspeaker
8159,Jack
8159,Loudspeaker
8158,Jack
8158,Loudspeaker
8081,Jack
8081,Loudspeaker
8133,Jack
8133,Loudspeaker
8132,Jack
8132,Loudspeaker
8079,Jack
8079,Loudspeaker
8085,Jack
8085,Loudspeaker
7980,Jack
7980,Loudspeaker
8269,Jack
8269,Loudspeaker
8056,Jack
8056,Loudspeaker
7815,Jack
7815,Loudspeaker
7977,Jack
7977,Loudspeaker
7976,Jack
7976,Loudspeaker
7927,Jack
7927,Loudspeaker
7926,Jack
7926,Loudspeaker
7849,Jack
7849,Loudspeaker
7848,Jack
7848,Loudspeaker
7883,Jack
7883,Loudspeaker
7773,Jack
7773,Loudspeaker
7675,Jack
7675,Loudspeaker
7606,Jack
7606,Loudspeaker
7556,Jack
7556,Loudspeaker
7575,Jack
7575,Loudspeaker
7496,Jack
7496,Loudspeaker
7451,Jack
7451,Loudspeaker
7442,Jack
7442,Loudspeaker
7437,Jack
7437,Loudspeaker
7363,Jack
7363,Loudspeaker
7250,Jack
7250,Loudspeaker
7253,Jack
7253,Loudspeaker
7245,Jack
7245,Loudspeaker
7212,Jack
7212,Loudspeaker
7148,Jack
7148,Loudspeaker
7051,Jack
7051,Loudspeaker
7052,Jack
7052,Loudspeaker
7053,Jack
7053,Loudspeaker
7054,Jack
7054,Loudspeaker
6916,Jack
6916,Loudspeaker
6812,Jack
6812,Loudspeaker
6776,Jack
6776,Loudspeaker
6764,Jack
6764,Loudspeaker
6750,Jack
6750,Loudspeaker
6709,Jack
6709,Loudspeaker
6606,Jack
6606,Loudspeaker
6555,Jack
6555,Loudspeaker
6593,Jack
6593,Loudspeaker
6592,Jack
6592,Loudspeaker
6575,Jack
6575,Loudspeaker
6569,Jack
6569,Loudspeaker
6562,Jack
6562,Loudspeaker
6554,Jack
6554,Loudspeaker
6546,Jack
6546,Loudspeaker
6545,Jack
6545,Loudspeaker
6520,Jack
6520,Loudspeaker
6475,Jack
6475,Loudspeaker
6315,Jack
6315,Loudspeaker
6572,Jack
6572,Loudspeaker
6294,Jack
6294,Loudspeaker
6357,Jack
6357,Loudspeaker
6353,Jack
6353,Loudspeaker
6352,Jack
6352,Loudspeaker
7038,Jack
7038,Loudspeaker
6326,Jack
6326,Loudspeaker
6307,Jack
6307,Loudspeaker
6173,Jack
6173,Loudspeaker
6133,Jack
6133,Loudspeaker
6118,Jack
6118,Loudspeaker
6117,Jack
6117,Loudspeaker
6077,Jack
6077,Loudspeaker
6171,Jack
6171,Loudspeaker
6100,Jack
6100,Loudspeaker
6285,Jack
6285,Loudspeaker
6101,Jack
6101,Loudspeaker
6286,Jack
6286,Loudspeaker
6102,Jack
6102,Loudspeaker
6052,Jack
6052,Loudspeaker
6032,Jack
6032,Loudspeaker
5998,Jack
5998,Loudspeaker
5901,Jack
5901,Loudspeaker
5705,Jack
5705,Loudspeaker
5806,Jack
5806,Loudspeaker
5772,Jack
5772,Loudspeaker
5736,Jack
5736,Loudspeaker
5750,Jack
5750,Loudspeaker
5673,Jack
5673,Loudspeaker
5543,Jack
5543,Loudspeaker
5650,Jack
5650,Loudspeaker
5649,Jack
5649,Loudspeaker
5602,Jack
5602,Loudspeaker
5488,Jack
5488,Loudspeaker
5487,Jack
5487,Loudspeaker
5554,Jack
5554,Loudspeaker
5509,Jack
5509,Loudspeaker
5390,Jack
5390,Loudspeaker
5315,Jack
5315,Loudspeaker
5722,Jack
5722,Loudspeaker
5316,Jack
5316,Loudspeaker
5254,Jack
5254,Loudspeaker
5372,Jack
5372,Loudspeaker
5275,Jack
5275,Loudspeaker
5373,Jack
5373,Loudspeaker
5293,Jack
5293,Loudspeaker
5389,Jack
5389,Loudspeaker
5292,Jack
5292,Loudspeaker
5608,Jack
5608,Loudspeaker
5048,Jack
5048,Loudspeaker
5078,Jack
5078,Loudspeaker
5032,Jack
5032,Loudspeaker
5025,Jack
5025,Loudspeaker
5062,Jack
5062,Loudspeaker
4751,Jack
4751,Loudspeaker
4941,Jack
4941,Loudspeaker
5005,Jack
5005,Loudspeaker
4982,Jack
4982,Loudspeaker
4981,Jack
4981,Loudspeaker
4964,Jack
4964,Loudspeaker
4955,Jack
4955,Loudspeaker
4948,Jack
4948,Loudspeaker
4932,Jack
4932,Loudspeaker
4835,Jack
4835,Loudspeaker
4749,Jack
4749,Loudspeaker
4739,Jack
4739,Loudspeaker
4717,Jack
4717,Loudspeaker
4653,Jack
4653,Loudspeaker
4649,Jack
4649,Loudspeaker
4563,Jack
4563,Loudspeaker
4562,Jack
4562,Loudspeaker
4545,Jack
4545,Loudspeaker
4565,Jack
4565,Loudspeaker
4571,Jack
4571,Loudspeaker
4554,Jack
4554,Loudspeaker
4461,Jack
4461,Loudspeaker
4430,Jack
4430,Loudspeaker
4416,Jack
4416,Loudspeaker
4377,Jack
4377,Loudspeaker
4064,Jack
4064,Loudspeaker
4329,Jack
4329,Loudspeaker
4353,Jack
4353,Loudspeaker
4257,Jack
4257,Loudspeaker
4213,Jack
4213,Loudspeaker
4188,Jack
4188,Loudspeaker
4201,Jack
4201,Loudspeaker
4140,Jack
4140,Loudspeaker
4157,Jack
4157,Loudspeaker
4067,Jack
4067,Loudspeaker
4309,Jack
4309,Loudspeaker
4043,Jack
4043,Loudspeaker
4289,Jack
4289,Loudspeaker
4287,Jack
4287,Loudspeaker
4037,Jack
4037,Loudspeaker
4040,Jack
4040,Loudspeaker
3886,Jack
3886,Loudspeaker
3759,Jack
3759,Loudspeaker
3704,Jack
3704,Loudspeaker
3762,Jack
3762,Loudspeaker
3598,Jack
3598,Loudspeaker
3731,Jack
3731,Loudspeaker
3558,Jack
3558,Loudspeaker
3532,Jack
3532,Loudspeaker
3516,Jack
3516,Loudspeaker
3081,Jack
3081,Loudspeaker
12471,Jack
12471,Loudspeaker
12381,Jack
12381,Loudspeaker
12321,Jack
12321,Loudspeaker
12244,Jack
12244,Loudspeaker
12184,Jack
12184,Loudspeaker
12139,Jack
12139,Loudspeaker
12137,Jack
12137,Loudspeaker
12085,Jack
12085,Loudspeaker
11831,0.0
11831,Loudspeaker
11826,Jack
11826,Loudspeaker
11825,Jack
11825,Loudspeaker
11669,Jack
11669,Loudspeaker
11644,Jack
11644,Loudspeaker
11629,Jack
11629,Loudspeaker
11381,Jack
11381,Loudspeaker
11380,Jack
11380,Loudspeaker
11382,Jack
11382,Loudspeaker
11358,Jack
11358,Loudspeaker
11356,Jack
11356,Loudspeaker
11207,Jack
11207,Loudspeaker
11135,Jack
11135,Loudspeaker
11077,Jack
11077,Loudspeaker
11013,Jack
11013,Loudspeaker
10967,Jack
10967,Loudspeaker
11019,Jack
11019,Loudspeaker
10959,Jack
10959,Loudspeaker
10955,Jack
10955,Loudspeaker
10838,Jack
10838,Loudspeaker
10840,Jack
10840,Loudspeaker
10841,Jack
10841,Loudspeaker
10842,Jack
10842,Loudspeaker
10843,Jack
10843,Loudspeaker
10844,Jack
10844,Loudspeaker
10700,Jack
10700,Loudspeaker
10624,Jack
10624,Loudspeaker
10584,Jack
10584,Loudspeaker
10588,Jack
10588,Loudspeaker
10547,Jack
10547,Loudspeaker
10404,Jack
10404,Loudspeaker
10460,Jack
10460,Loudspeaker
10351,Jack
10351,Loudspeaker
10273,Jack
10273,Loudspeaker
10275,Jack
10275,Loudspeaker
10274,Jack
10274,Loudspeaker
10142,Jack
10142,Loudspeaker
10117,Jack
10117,Loudspeaker
10143,Jack
10143,Loudspeaker
9993,Jack
9993,Loudspeaker
9988,Jack
9988,Loudspeaker
9833,Jack
9833,Loudspeaker
9834,Jack
9834,Loudspeaker
9731,Jack
9731,Loudspeaker
9652,Jack
9652,Loudspeaker
8867,0.0
8867,Loudspeaker
9603,Jack
9603,Loudspeaker
10619,Jack
10619,Loudspeaker
9604,Jack
9604,Loudspeaker
9538,Jack
9538,Loudspeaker
9342,Jack
9342,Loudspeaker
9364,Jack
9364,Loudspeaker
9354,Jack
9354,Loudspeaker
9178,Jack
9178,Loudspeaker
9246,Jack
9246,Loudspeaker
9214,Jack
9214,Loudspeaker
9215,Jack
9215,Loudspeaker
9216,Jack
9216,Loudspeaker
9087,0.0
9087,Loudspeaker
9058,Jack
9058,Loudspeaker
8972,Jack
8972,Loudspeaker
9052,Jack
9052,Loudspeaker
8513,Jack
8513,Loudspeaker
8907,Jack
8907,Loudspeaker
8522,Jack
8522,Loudspeaker
8572,Jack
8572,Loudspeaker
8571,Jack
8571,Loudspeaker
6885,Jack
6885,Loudspeaker
6877,Jack
6877,Loudspeaker
6814,Jack
6814,Loudspeaker
6640,Jack
6640,Loudspeaker
6639,Jack
6639,Loudspeaker
6638,Jack
6638,Loudspeaker
6524,Jack
6524,Loudspeaker
6523,Jack
6523,Loudspeaker
6383,Jack
6383,Loudspeaker
6227,Jack
6227,Loudspeaker
6254,Jack
6254,Loudspeaker
6255,Jack
6255,Loudspeaker
6232,Jack
6232,Loudspeaker
6148,Jack
6148,Loudspeaker
6147,Jack
6147,Loudspeaker
6067,Jack
6067,Loudspeaker
5833,Jack
5833,Loudspeaker
5869,Jack
5869,Loudspeaker
5760,Jack
5760,Loudspeaker
5791,Jack
5791,Loudspeaker
5438,Jack
5438,Loudspeaker
5506,Jack
5506,Loudspeaker
5451,Jack
5451,Loudspeaker
5437,Jack
5437,Loudspeaker
5321,Jack
5321,Loudspeaker
5322,Jack
5322,Loudspeaker
5150,Jack
5150,Loudspeaker
5147,Jack
5147,Loudspeaker
5090,Jack
5090,Loudspeaker
5069,Jack
5069,Loudspeaker
5024,Jack
5024,Loudspeaker
4967,Jack
4967,Loudspeaker
4968,Jack
4968,Loudspeaker
4695,Jack
4695,Loudspeaker
4662,Jack
4662,Loudspeaker
4576,Jack
4576,Loudspeaker
4578,Jack
4578,Loudspeaker
4275,Jack
4275,Loudspeaker
4240,Jack
4240,Loudspeaker
4372,Jack
4372,Loudspeaker
4276,Jack
4276,Loudspeaker
4220,Jack
4220,Loudspeaker
4223,Jack
4223,Loudspeaker
4222,Jack
4222,Loudspeaker
3398,Jack
3398,Loudspeaker
3885,Jack
3885,Loudspeaker
3578,Jack
3578,Loudspeaker
3545,Jack
3545,Loudspeaker
3524,Jack
3524,Loudspeaker
3394,Jack
3394,Loudspeaker
3397,Jack
3397,Loudspeaker
3390,Jack
3390,Loudspeaker
3252,Jack
3252,Loudspeaker
3109,Jack
3109,Loudspeaker
12773,0.0
12773,Loudspeaker
12784,Jack
12784,Loudspeaker
12785,Jack
12785,Loudspeaker
12616,Jack
12616,Loudspeaker
12520,0.0
12520,Loudspeaker
12584,Jack
12584,Loudspeaker
12583,Jack
12583,Loudspeaker
12189,0.0
12189,Loudspeaker
12074,0.0
12074,Loudspeaker
12024,0.0
12024,Loudspeaker
12083,0.0
12083,Loudspeaker
12082,0.0
12082,Loudspeaker
12151,Jack
12151,Loudspeaker
12004,Jack
12004,Loudspeaker
11945,Jack
11945,Loudspeaker
11803,Jack
11803,Loudspeaker
11736,Jack
11736,Loudspeaker
11633,Jack
11633,Loudspeaker
11665,Jack
11665,Loudspeaker
11600,Jack
11600,Loudspeaker
11564,Jack
11564,Loudspeaker
11439,0.0
11439,Loudspeaker
11459,0.0
11459,Loudspeaker
11268,0.0
11268,Loudspeaker
11429,0.0
11429,Loudspeaker
11403,Jack
11403,Loudspeaker
11373,Jack
11373,Loudspeaker
11402,Jack
11402,Loudspeaker
10954,0.0
10954,Loudspeaker
11149,Jack
11149,Loudspeaker
11244,Jack
11244,Loudspeaker
11215,Jack
11215,Loudspeaker
11124,Jack
11124,Loudspeaker
11110,0.0
11110,Loudspeaker
11062,Jack
11062,Loudspeaker
10937,Jack
10937,Loudspeaker
11039,Jack
11039,Loudspeaker
11087,Jack
11087,Loudspeaker
11041,Jack
11041,Loudspeaker
11015,Jack
11015,Loudspeaker
10996,Jack
10996,Loudspeaker
10873,Jack
10873,Loudspeaker
10948,Jack
10948,Loudspeaker
10900,Jack
10900,Loudspeaker
10848,Jack
10848,Loudspeaker
10860,Jack
10860,Loudspeaker
10850,0.0
10850,Loudspeaker
10825,Jack
10825,Loudspeaker
10824,Jack
10824,Loudspeaker
10469,Jack
10469,Loudspeaker
10631,Jack
10631,Loudspeaker
10641,Jack
10641,Loudspeaker
10718,Jack
10718,Loudspeaker
10753,Jack
10753,Loudspeaker
10740,Jack
10740,Loudspeaker
10578,Jack
10578,Loudspeaker
10648,Jack
10648,Loudspeaker
10663,Jack
10663,Loudspeaker
10604,Jack
10604,Loudspeaker
10709,Jack
10709,Loudspeaker
10708,Jack
10708,Loudspeaker
10603,Jack
10603,Loudspeaker
10580,Jack
10580,Loudspeaker
10496,Jack
10496,Loudspeaker
10498,Jack
10498,Loudspeaker
10377,0.0
10377,Loudspeaker
10428,0.0
10428,Loudspeaker
10412,Jack
10412,Loudspeaker
10148,Jack
10148,Loudspeaker
10371,Jack
10371,Loudspeaker
10261,0.0
10261,Loudspeaker
10355,0.0
10355,Loudspeaker
10338,0.0
10338,Loudspeaker
10333,Jack
10333,Loudspeaker
10335,Jack
10335,Loudspeaker
10316,Jack
10316,Loudspeaker
10314,Jack
10314,Loudspeaker
10216,Jack
10216,Loudspeaker
10239,Jack
10239,Loudspeaker
10208,Jack
10208,Loudspeaker
10243,Jack
10243,Loudspeaker
10157,Jack
10157,Loudspeaker
10483,Jack
10483,Loudspeaker
10124,Jack
10124,Loudspeaker
10149,Jack
10149,Loudspeaker
10138,Jack
10138,Loudspeaker
10111,Jack
10111,Loudspeaker
10132,Jack
10132,Loudspeaker
10079,Jack
10079,Loudspeaker
10040,0.0
10040,Loudspeaker
10084,0.0
10084,Loudspeaker
10041,0.0
10041,Loudspeaker
10080,0.0
10080,Loudspeaker
10254,0.0
10254,Loudspeaker
10044,0.0
10044,Loudspeaker
10081,0.0
10081,Loudspeaker
10004,0.0
10004,Loudspeaker
10001,Jack
10001,Loudspeaker
10003,Jack
10003,Loudspeaker
9917,0.0
9917,Loudspeaker
9999,Jack
9999,Loudspeaker
9995,Jack
9995,Loudspeaker
9963,Jack
9963,Loudspeaker
9937,Jack
9937,Loudspeaker
9899,Jack
9899,Loudspeaker
9852,Jack
9852,Loudspeaker
9818,Jack
9818,Loudspeaker
9861,Jack
9861,Loudspeaker
9795,0.0
9795,Loudspeaker
9796,Jack
9796,Loudspeaker
9806,Jack
9806,Loudspeaker
9787,0.0
9787,Loudspeaker
9732,0.0
9732,Loudspeaker
9789,0.0
9789,Loudspeaker
9788,0.0
9788,Loudspeaker
9793,Jack
9793,Loudspeaker
9790,Jack
9790,Loudspeaker
9781,0.0
9781,Loudspeaker
9730,Jack
9730,Loudspeaker
9636,Jack
9636,Loudspeaker
9588,Jack
9588,Loudspeaker
9536,Jack
9536,Loudspeaker
9537,Jack
9537,Loudspeaker
9721,0.0
9721,Loudspeaker
9505,Jack
9505,Loudspeaker
9506,Jack
9506,Loudspeaker
9508,Jack
9508,Loudspeaker
9659,0.0
9659,Loudspeaker
9646,Jack
9646,Loudspeaker
9616,0.0
9616,Loudspeaker
9554,Jack
9554,Loudspeaker
9642,Jack
9642,Loudspeaker
9579,Jack
9579,Loudspeaker
9661,Jack
9661,Loudspeaker
9640,Jack
9640,Loudspeaker
9580,Jack
9580,Loudspeaker
9581,0.0
9581,Loudspeaker
9665,Jack
9665,Loudspeaker
9432,0.0
9432,Loudspeaker
9352,Jack
9352,Loudspeaker
9344,Jack
9344,Loudspeaker
9340,Jack
9340,Loudspeaker
9163,Jack
9163,Loudspeaker
9334,Jack
9334,Loudspeaker
9397,Jack
9397,Loudspeaker
9335,Jack
9335,Loudspeaker
9255,Jack
9255,Loudspeaker
9260,Jack
9260,Loudspeaker
9234,Jack
9234,Loudspeaker
8928,Jack
8928,Loudspeaker
9220,Jack
9220,Loudspeaker
9202,Jack
9202,Loudspeaker
9205,Jack
9205,Loudspeaker
9203,Jack
9203,Loudspeaker
9204,Jack
9204,Loudspeaker
9156,Jack
9156,Loudspeaker
9155,Jack
9155,Loudspeaker
9153,Jack
9153,Loudspeaker
9135,Jack
9135,Loudspeaker
8967,Jack
8967,Loudspeaker
8966,Jack
8966,Loudspeaker
8904,Jack
8904,Loudspeaker
8790,Jack
8790,Loudspeaker
8886,Jack
8886,Loudspeaker
8900,Jack
8900,Loudspeaker
8725,Jack
8725,Loudspeaker
8789,Jack
8789,Loudspeaker
8505,Jack
8505,Loudspeaker
8676,Jack
8676,Loudspeaker
8778,Jack
8778,Loudspeaker
8683,Jack
8683,Loudspeaker
8684,Jack
8684,Loudspeaker
8675,Jack
8675,Loudspeaker
8561,Jack
8561,Loudspeaker
8705,Jack
8705,Loudspeaker
8438,Jack
8438,Loudspeaker
9331,Jack
9331,Loudspeaker
8682,Jack
8682,Loudspeaker
8161,Jack
8161,Loudspeaker
8523,Jack
8523,Loudspeaker
8437,Jack
8437,Loudspeaker
8577,Jack
8577,Loudspeaker
8397,Jack
8397,Loudspeaker
8486,Jack
8486,Loudspeaker
8435,Jack
8435,Loudspeaker
8335,Jack
8335,Loudspeaker
8494,Jack
8494,Loudspeaker
8336,Jack
8336,Loudspeaker
8385,Jack
8385,Loudspeaker
8424,Jack
8424,Loudspeaker
8347,Jack
8347,Loudspeaker
7801,Jack
7801,Loudspeaker
8367,Jack
8367,Loudspeaker
8265,Jack
8265,Loudspeaker
8342,Jack
8342,Loudspeaker
8314,Jack
8314,Loudspeaker
8288,Jack
8288,Loudspeaker
8242,Jack
8242,Loudspeaker
8082,Jack
8082,Loudspeaker
8140,Jack
8140,Loudspeaker
8192,Jack
8192,Loudspeaker
8186,Jack
8186,Loudspeaker
8228,Jack
8228,Loudspeaker
8083,Jack
8083,Loudspeaker
8455,Jack
8455,Loudspeaker
8004,Jack
8004,Loudspeaker
8126,Jack
8126,Loudspeaker
8046,Jack
8046,Loudspeaker
8047,Jack
8047,Loudspeaker
7903,Jack
7903,Loudspeaker
7870,Jack
7870,Loudspeaker
7869,Jack
7869,Loudspeaker
7880,Jack
7880,Loudspeaker
7821,Jack
7821,Loudspeaker
7945,Jack
7945,Loudspeaker
7961,Jack
7961,Loudspeaker
7960,Jack
7960,Loudspeaker
7768,Jack
7768,Loudspeaker
7879,Jack
7879,Loudspeaker
7864,Jack
7864,Loudspeaker
7641,Jack
7641,Loudspeaker
7759,Jack
7759,Loudspeaker
7789,Jack
7789,Loudspeaker
7791,Jack
7791,Loudspeaker
8022,Jack
8022,Loudspeaker
7760,Jack
7760,Loudspeaker
7679,Jack
7679,Loudspeaker
7648,Jack
7648,Loudspeaker
7273,Jack
7273,Loudspeaker
7673,Jack
7673,Loudspeaker
7504,Jack
7504,Loudspeaker
7431,Jack
7431,Loudspeaker
7508,Jack
7508,Loudspeaker
7505,Jack
7505,Loudspeaker
7467,Jack
7467,Loudspeaker
7509,Jack
7509,Loudspeaker
6506,Jack
6506,Loudspeaker
7468,Jack
7468,Loudspeaker
7453,Jack
7453,Loudspeaker
7506,Jack
7506,Loudspeaker
7249,Jack
7249,Loudspeaker
7395,Jack
7395,Loudspeaker
8785,Jack
8785,Loudspeaker
7185,Jack
7185,Loudspeaker
7184,Jack
7184,Loudspeaker
7114,Jack
7114,Loudspeaker
7134,Jack
7134,Loudspeaker
8883,Jack
8883,Loudspeaker
7121,Jack
7121,Loudspeaker
6990,Jack
6990,Loudspeaker
7166,Jack
7166,Loudspeaker
7164,Jack
7164,Loudspeaker
7079,Jack
7079,Loudspeaker
7377,Jack
7377,Loudspeaker
6849,Jack
6849,Loudspeaker
7034,Jack
7034,Loudspeaker
7357,Jack
7357,Loudspeaker
6907,Jack
6907,Loudspeaker
7110,Jack
7110,Loudspeaker
6894,Jack
6894,Loudspeaker
7132,Jack
7132,Loudspeaker
6763,Jack
6763,Loudspeaker
6905,Jack
6905,Loudspeaker
6879,Jack
6879,Loudspeaker
6906,Jack
6906,Loudspeaker
6716,Jack
6716,Loudspeaker
6802,Jack
6802,Loudspeaker
6761,Jack
6761,Loudspeaker
6803,Jack
6803,Loudspeaker
6762,Jack
6762,Loudspeaker
6748,Jack
6748,Loudspeaker
6725,Jack
6725,Loudspeaker
6790,Jack
6790,Loudspeaker
6708,Jack
6708,Loudspeaker
6706,Jack
6706,Loudspeaker
6631,Jack
6631,Loudspeaker
6749,Jack
6749,Loudspeaker
6758,Jack
6758,Loudspeaker
6434,Jack
6434,Loudspeaker
6658,Jack
6658,Loudspeaker
6659,Jack
6659,Loudspeaker
6482,Jack
6482,Loudspeaker
6576,Jack
6576,Loudspeaker
6580,Jack
6580,Loudspeaker
6573,Jack
6573,Loudspeaker
6563,Jack
6563,Loudspeaker
6542,Jack
6542,Loudspeaker
6662,Jack
6662,Loudspeaker
6534,Jack
6534,Loudspeaker
6391,Jack
6391,Loudspeaker
6252,Jack
6252,Loudspeaker
6478,Jack
6478,Loudspeaker
6479,Jack
6479,Loudspeaker
6480,Jack
6480,Loudspeaker
6481,Jack
6481,Loudspeaker
6331,Jack
6331,Loudspeaker
6460,Jack
6460,Loudspeaker
6450,Jack
6450,Loudspeaker
6435,Jack
6435,Loudspeaker
6439,Jack
6439,Loudspeaker
6432,Jack
6432,Loudspeaker
6433,Jack
6433,Loudspeaker
6404,Jack
6404,Loudspeaker
6356,Jack
6356,Loudspeaker
6210,Jack
6210,Loudspeaker
6289,Jack
6289,Loudspeaker
6284,Jack
6284,Loudspeaker
6251,Jack
6251,Loudspeaker
6250,Jack
6250,Loudspeaker
6241,Jack
6241,Loudspeaker
6249,Jack
6249,Loudspeaker
6248,Jack
6248,Loudspeaker
6240,Jack
6240,Loudspeaker
6209,Jack
6209,Loudspeaker
6190,Jack
6190,Loudspeaker
6272,Jack
6272,Loudspeaker
6237,Jack
6237,Loudspeaker
6338,Jack
6338,Loudspeaker
6033,Jack
6033,Loudspeaker
6846,Jack
6846,Loudspeaker
6099,Jack
6099,Loudspeaker
6054,Jack
6054,Loudspeaker
6015,Jack
6015,Loudspeaker
5961,Jack
5961,Loudspeaker
5975,Jack
5975,Loudspeaker
5969,Jack
5969,Loudspeaker
5958,Jack
5958,Loudspeaker
6049,Jack
6049,Loudspeaker
5946,Jack
5946,Loudspeaker
5928,Jack
5928,Loudspeaker
5904,Jack
5904,Loudspeaker
5889,Jack
5889,Loudspeaker
5887,Jack
5887,Loudspeaker
5886,Jack
5886,Loudspeaker
5876,Jack
5876,Loudspeaker
5862,Jack
5862,Loudspeaker
5814,Jack
5814,Loudspeaker
5803,Jack
5803,Loudspeaker
5542,Jack
5542,Loudspeaker
5786,Jack
5786,Loudspeaker
5766,Jack
5766,Loudspeaker
5841,Jack
5841,Loudspeaker
5749,Jack
5749,Loudspeaker
5665,Jack
5665,Loudspeaker
5597,Jack
5597,Loudspeaker
5548,Jack
5548,Loudspeaker
5447,Jack
5447,Loudspeaker
5375,Jack
5375,Loudspeaker
5446,Jack
5446,Loudspeaker
5456,Jack
5456,Loudspeaker
5468,Jack
5468,Loudspeaker
5419,Jack
5419,Loudspeaker
5423,Jack
5423,Loudspeaker
5422,Jack
5422,Loudspeaker
5398,Jack
5398,Loudspeaker
5396,Jack
5396,Loudspeaker
5394,Jack
5394,Loudspeaker
5392,Jack
5392,Loudspeaker
5391,Jack
5391,Loudspeaker
5314,Jack
5314,Loudspeaker
5371,Jack
5371,Loudspeaker
5125,Jack
5125,Loudspeaker
5420,Jack
5420,Loudspeaker
5388,Jack
5388,Loudspeaker
5253,Jack
5253,Loudspeaker
5280,Jack
5280,Loudspeaker
5279,Jack
5279,Loudspeaker
5271,Jack
5271,Loudspeaker
5263,Jack
5263,Loudspeaker
5221,Jack
5221,Loudspeaker
5213,Jack
5213,Loudspeaker
5163,Jack
5163,Loudspeaker
5162,Jack
5162,Loudspeaker
5144,Jack
5144,Loudspeaker
5124,Jack
5124,Loudspeaker
5111,Jack
5111,Loudspeaker
5272,Jack
5272,Loudspeaker
5047,Jack
5047,Loudspeaker
5033,Jack
5033,Loudspeaker
5027,Jack
5027,Loudspeaker
5026,Jack
5026,Loudspeaker
5019,Jack
5019,Loudspeaker
5018,Jack
5018,Loudspeaker
5001,Jack
5001,Loudspeaker
4992,Jack
4992,Loudspeaker
4914,Jack
4914,Loudspeaker
4854,Jack
4854,Loudspeaker
5152,Jack
5152,Loudspeaker
4960,Jack
4960,Loudspeaker
4961,Jack
4961,Loudspeaker
4957,Jack
4957,Loudspeaker
4954,Jack
4954,Loudspeaker
4953,Jack
4953,Loudspeaker
4923,Jack
4923,Loudspeaker
4883,Jack
4883,Loudspeaker
4857,Jack
4857,Loudspeaker
5114,Jack
5114,Loudspeaker
4777,Jack
4777,Loudspeaker
4771,Jack
4771,Loudspeaker
4750,Jack
4750,Loudspeaker
4804,Jack
4804,Loudspeaker
4803,Jack
4803,Loudspeaker
4799,Jack
4799,Loudspeaker
4238,Jack
4238,Loudspeaker
5461,Jack
5461,Loudspeaker
4566,Jack
4566,Loudspeaker
4564,Jack
4564,Loudspeaker
5340,Jack
5340,Loudspeaker
4559,Jack
4559,Loudspeaker
3883,Jack
3883,Loudspeaker
4544,Jack
4544,Loudspeaker
4671,Jack
4671,Loudspeaker
4543,Jack
4543,Loudspeaker
4469,Jack
4469,Loudspeaker
4432,Jack
4432,Loudspeaker
4420,Jack
4420,Loudspeaker
4419,Jack
4419,Loudspeaker
4406,Jack
4406,Loudspeaker
4415,Jack
4415,Loudspeaker
4952,Jack
4952,Loudspeaker
4374,Jack
4374,Loudspeaker
4397,Jack
4397,Loudspeaker
4387,Jack
4387,Loudspeaker
4344,Jack
4344,Loudspeaker
4158,Jack
4158,Loudspeaker
4159,Jack
4159,Loudspeaker
4303,Jack
4303,Loudspeaker
4277,Jack
4277,Loudspeaker
4301,Jack
4301,Loudspeaker
4219,Jack
4219,Loudspeaker
4327,Jack
4327,Loudspeaker
4262,Jack
4262,Loudspeaker
4071,Jack
4071,Loudspeaker
4239,Jack
4239,Loudspeaker
4667,Jack
4667,Loudspeaker
4208,Jack
4208,Loudspeaker
4200,Jack
4200,Loudspeaker
4198,Jack
4198,Loudspeaker
4668,Jack
4668,Loudspeaker
4136,Jack
4136,Loudspeaker
4135,Jack
4135,Loudspeaker
4130,Jack
4130,Loudspeaker
4129,Jack
4129,Loudspeaker
3956,Jack
3956,Loudspeaker
4376,Jack
4376,Loudspeaker
4124,Jack
4124,Loudspeaker
4114,Jack
4114,Loudspeaker
4117,Jack
4117,Loudspeaker
4091,Jack
4091,Loudspeaker
4059,Jack
4059,Loudspeaker
3967,Jack
3967,Loudspeaker
4026,Jack
4026,Loudspeaker
3969,Jack
3969,Loudspeaker
3968,Jack
3968,Loudspeaker
3908,Jack
3908,Loudspeaker
3913,Jack
3913,Loudspeaker
3920,Jack
3920,Loudspeaker
3919,Jack
3919,Loudspeaker
3893,Jack
3893,Loudspeaker
3884,Jack
3884,Loudspeaker
3621,Jack
3621,Loudspeaker
3761,Jack
3761,Loudspeaker
3724,Jack
3724,Loudspeaker
3726,Jack
3726,Loudspeaker
3741,Jack
3741,Loudspeaker
3725,Jack
3725,Loudspeaker
3719,Jack
3719,Loudspeaker
3620,Jack
3620,Loudspeaker
3453,Jack
3453,Loudspeaker
3672,Jack
3672,Loudspeaker
3370,Jack
3370,Loudspeaker
3580,Jack
3580,Loudspeaker
3581,Jack
3581,Loudspeaker
3408,Jack
3408,Loudspeaker
3410,Jack
3410,Loudspeaker
3432,Jack
3432,Loudspeaker
3395,Jack
3395,Loudspeaker
3294,Jack
3294,Loudspeaker
3115,Jack
3115,Loudspeaker
12534,Jack
12534,Loudspeaker
12263,Jack
12263,Loudspeaker
12264,Jack
12264,Loudspeaker
11838,Jack
11838,Loudspeaker
11521,Jack
11521,Loudspeaker
11522,Jack
11522,Loudspeaker
11174,Jack
11174,Loudspeaker
11064,Jack
11064,Loudspeaker
10851,Jack
10851,Loudspeaker
10698,Jack
10698,Loudspeaker
10707,Jack
10707,Loudspeaker
10396,Jack
10396,Loudspeaker
10096,Jack
10096,Loudspeaker
10095,Jack
10095,Loudspeaker
10091,Jack
10091,Loudspeaker
9840,0.0
9840,Loudspeaker
9543,0.0
9543,Loudspeaker
9591,Jack
9591,Loudspeaker
9353,Jack
9353,Loudspeaker
9592,Jack
9592,Loudspeaker
9268,Jack
9268,Loudspeaker
9232,0.0
9232,Loudspeaker
9166,0.0
9166,Loudspeaker
9081,0.0
9081,Loudspeaker
9082,0.0
9082,Loudspeaker
8985,Jack
8985,Loudspeaker
8986,Jack
8986,Loudspeaker
8987,Jack
8987,Loudspeaker
8804,Jack
8804,Loudspeaker
8840,Jack
8840,Loudspeaker
8610,Jack
8610,Loudspeaker
8619,Jack
8619,Loudspeaker
8599,Jack
8599,Loudspeaker
8593,Jack
8593,Loudspeaker
8595,Jack
8595,Loudspeaker
8596,Jack
8596,Loudspeaker
8292,Jack
8292,Loudspeaker
8313,Jack
8313,Loudspeaker
8113,Jack
8113,Loudspeaker
8102,Jack
8102,Loudspeaker
7949,Jack
7949,Loudspeaker
7948,Jack
7948,Loudspeaker
7957,Jack
7957,Loudspeaker
7950,Jack
7950,Loudspeaker
7538,Jack
7538,Loudspeaker
7536,Jack
7536,Loudspeaker
7537,Jack
7537,Loudspeaker
7534,Jack
7534,Loudspeaker
7535,Jack
7535,Loudspeaker
7465,Jack
7465,Loudspeaker
7464,Jack
7464,Loudspeaker
7466,Jack
7466,Loudspeaker
7463,Jack
7463,Loudspeaker
7257,Jack
7257,Loudspeaker
6878,Jack
6878,Loudspeaker
7228,Jack
7228,Loudspeaker
7227,Jack
7227,Loudspeaker
7100,Jack
7100,Loudspeaker
7068,Jack
7068,Loudspeaker
7069,Jack
7069,Loudspeaker
7059,Jack
7059,Loudspeaker
7060,Jack
7060,Loudspeaker
7031,Jack
7031,Loudspeaker
6882,Jack
6882,Loudspeaker
6663,Jack
6663,Loudspeaker
6634,Jack
6634,Loudspeaker
6633,Jack
6633,Loudspeaker
6632,Jack
6632,Loudspeaker
6796,Jack
6796,Loudspeaker
6539,Jack
6539,Loudspeaker
6582,Jack
6582,Loudspeaker
6538,Jack
6538,Loudspeaker
6489,Jack
6489,Loudspeaker
6488,Jack
6488,Loudspeaker
6456,Jack
6456,Loudspeaker
6408,Jack
6408,Loudspeaker
6146,Jack
6146,Loudspeaker
6162,Jack
6162,Loudspeaker
6145,Jack
6145,Loudspeaker
6161,Jack
6161,Loudspeaker
6144,Jack
6144,Loudspeaker
5967,Jack
5967,Loudspeaker
5966,Jack
5966,Loudspeaker
5968,Jack
5968,Loudspeaker
5950,Jack
5950,Loudspeaker
5753,Jack
5753,Loudspeaker
5596,Jack
5596,Loudspeaker
5540,Jack
5540,Loudspeaker
5541,Jack
5541,Loudspeaker
5497,Jack
5497,Loudspeaker
5421,Jack
5421,Loudspeaker
5363,Jack
5363,Loudspeaker
5364,Jack
5364,Loudspeaker
5204,Jack
5204,Loudspeaker
5203,Jack
5203,Loudspeaker
5148,Jack
5148,Loudspeaker
5149,Jack
5149,Loudspeaker
5015,Jack
5015,Loudspeaker
4958,Jack
4958,Loudspeaker
4930,Jack
4930,Loudspeaker
4959,Jack
4959,Loudspeaker
4899,Jack
4899,Loudspeaker
4894,Jack
4894,Loudspeaker
4832,Jack
4832,Loudspeaker
4718,Jack
4718,Loudspeaker
4831,Jack
4831,Loudspeaker
4782,Jack
4782,Loudspeaker
4781,Jack
4781,Loudspeaker
4775,Jack
4775,Loudspeaker
4774,Jack
4774,Loudspeaker
4773,Jack
4773,Loudspeaker
4772,Jack
4772,Loudspeaker
4647,Jack
4647,Loudspeaker
4408,Jack
4408,Loudspeaker
4437,Jack
4437,Loudspeaker
4436,Jack
4436,Loudspeaker
4369,Jack
4369,Loudspeaker
4798,Jack
4798,Loudspeaker
4412,Jack
4412,Loudspeaker
12572,0.0
12572,Loudspeaker
12581,Jack
12581,Loudspeaker
12776,Jack
12776,Loudspeaker
12714,0.0
12714,Loudspeaker
12715,0.0
12715,Loudspeaker
12716,0.0
12716,Loudspeaker
12697,Jack
12697,Loudspeaker
12689,Jack
12689,Loudspeaker
12684,Jack
12684,Loudspeaker
12388,0.0
12388,Loudspeaker
12389,0.0
12389,Loudspeaker
12582,Jack
12582,Loudspeaker
12470,0.0
12470,Loudspeaker
12245,Jack
12245,Loudspeaker
12134,0.0
12134,Loudspeaker
12257,0.0
12257,Loudspeaker
12258,Jack
12258,Loudspeaker
12218,Jack
12218,Loudspeaker
12209,Jack
12209,Loudspeaker
12181,Jack
12181,Loudspeaker
12197,Jack
12197,Loudspeaker
12124,Jack
12124,Loudspeaker
12188,Jack
12188,Loudspeaker
12072,0.0
12072,Loudspeaker
12094,Jack
12094,Loudspeaker
12092,Jack
12092,Loudspeaker
12063,Jack
12063,Loudspeaker
12053,Jack
12053,Loudspeaker
12045,Jack
12045,Loudspeaker
12047,0.0
12047,Loudspeaker
11953,Jack
11953,Loudspeaker
11954,Jack
11954,Loudspeaker
11955,Jack
11955,Loudspeaker
11956,Jack
11956,Loudspeaker
11887,0.0
11887,Loudspeaker
11888,0.0
11888,Loudspeaker
11904,Jack
11904,Loudspeaker
11909,Jack
11909,Loudspeaker
11906,0.0
11906,Loudspeaker
11855,Jack
11855,Loudspeaker
11834,Jack
11834,Loudspeaker
11848,Jack
11848,Loudspeaker
11832,Jack
11832,Loudspeaker
11850,Jack
11850,Loudspeaker
11869,Jack
11869,Loudspeaker
11819,Jack
11819,Loudspeaker
11762,Jack
11762,Loudspeaker
11580,0.0
11580,Loudspeaker
11472,0.0
11472,Loudspeaker
11652,0.0
11652,Loudspeaker
11551,Jack
11551,Loudspeaker
11519,Jack
11519,Loudspeaker
11427,Jack
11427,Loudspeaker
11479,0.0
11479,Loudspeaker
11487,0.0
11487,Loudspeaker
11453,0.0
11453,Loudspeaker
11454,0.0
11454,Loudspeaker
11455,Jack
11455,Loudspeaker
11449,Jack
11449,Loudspeaker
11419,Jack
11419,Loudspeaker
11425,Jack
11425,Loudspeaker
11180,Jack
11180,Loudspeaker
11372,0.0
11372,Loudspeaker
11430,0.0
11430,Loudspeaker
11431,0.0
11431,Loudspeaker
11287,0.0
11287,Loudspeaker
11285,0.0
11285,Loudspeaker
11292,0.0
11292,Loudspeaker
11412,Jack
11412,Loudspeaker
11395,Jack
11395,Loudspeaker
11396,Jack
11396,Loudspeaker
11371,Jack
11371,Loudspeaker
11388,Jack
11388,Loudspeaker
11362,0.0
11362,Loudspeaker
11357,Jack
11357,Loudspeaker
11333,Jack
11333,Loudspeaker
11334,Jack
11334,Loudspeaker
11335,Jack
11335,Loudspeaker
11336,Jack
11336,Loudspeaker
11186,Jack
11186,Loudspeaker
11241,Jack
11241,Loudspeaker
11193,Jack
11193,Loudspeaker
11159,Jack
11159,Loudspeaker
11181,Jack
11181,Loudspeaker
11152,Jack
11152,Loudspeaker
11153,Jack
11153,Loudspeaker
11137,Jack
11137,Loudspeaker
11119,0.0
11119,Loudspeaker
11129,Jack
11129,Loudspeaker
11128,Jack
11128,Loudspeaker
11134,Jack
11134,Loudspeaker
11127,Jack
11127,Loudspeaker
11100,0.0
11100,Loudspeaker
11099,0.0
11099,Loudspeaker
11101,0.0
11101,Loudspeaker
11079,Jack
11079,Loudspeaker
11060,Jack
11060,Loudspeaker
11040,0.0
11040,Loudspeaker
10949,0.0
10949,Loudspeaker
11008,Jack
11008,Loudspeaker
10930,0.0
10930,Loudspeaker
10919,Jack
10919,Loudspeaker
10857,Jack
10857,Loudspeaker
10880,0.0
10880,Loudspeaker
10867,Jack
10867,Loudspeaker
10737,0.0
10737,Loudspeaker
10777,0.0
10777,Loudspeaker
10815,0.0
10815,Loudspeaker
10665,0.0
10665,Loudspeaker
10805,Jack
10805,Loudspeaker
10714,Jack
10714,Loudspeaker
10802,Jack
10802,Loudspeaker
10758,0.0
10758,Loudspeaker
10780,0.0
10780,Loudspeaker
10662,Jack
10662,Loudspeaker
10768,Jack
10768,Loudspeaker
10769,Jack
10769,Loudspeaker
10247,Jack
10247,Loudspeaker
10770,Jack
10770,Loudspeaker
10771,Jack
10771,Loudspeaker
10752,0.0
10752,Loudspeaker
10727,0.0
10727,Loudspeaker
10728,0.0
10728,Loudspeaker
10661,Jack
10661,Loudspeaker
10670,Jack
10670,Loudspeaker
10615,Jack
10615,Loudspeaker
10616,Jack
10616,Loudspeaker
10582,Jack
10582,Loudspeaker
10581,Jack
10581,Loudspeaker
10609,Jack
10609,Loudspeaker
10599,Jack
10599,Loudspeaker
10517,0.0
10517,Loudspeaker
10437,0.0
10437,Loudspeaker
10473,0.0
10473,Loudspeaker
10480,Jack
10480,Loudspeaker
10591,Jack
10591,Loudspeaker
10399,Jack
10399,Loudspeaker
10461,Jack
10461,Loudspeaker
10415,Jack
10415,Loudspeaker
10398,Jack
10398,Loudspeaker
10361,0.0
10361,Loudspeaker
10349,0.0
10349,Loudspeaker
10350,Jack
10350,Loudspeaker
10318,Jack
10318,Loudspeaker
10279,Jack
10279,Loudspeaker
10277,Jack
10277,Loudspeaker
10278,Jack
10278,Loudspeaker
10233,Jack
10233,Loudspeaker
10267,Jack
10267,Loudspeaker
10266,Jack
10266,Loudspeaker
10202,Jack
10202,Loudspeaker
10200,Jack
10200,Loudspeaker
10220,Jack
10220,Loudspeaker
10235,Jack
10235,Loudspeaker
10217,Jack
10217,Loudspeaker
10192,Jack
10192,Loudspeaker
10183,Jack
10183,Loudspeaker
10207,Jack
10207,Loudspeaker
10159,Jack
10159,Loudspeaker
10150,Jack
10150,Loudspeaker
10140,Jack
10140,Loudspeaker
10147,Jack
10147,Loudspeaker
10126,Jack
10126,Loudspeaker
10120,Jack
10120,Loudspeaker
10109,Jack
10109,Loudspeaker
10110,Jack
10110,Loudspeaker
10055,0.0
10055,Loudspeaker
10082,0.0
10082,Loudspeaker
10169,Jack
10169,Loudspeaker
10078,Jack
10078,Loudspeaker
9991,Jack
9991,Loudspeaker
9979,Jack
9979,Loudspeaker
9946,Jack
9946,Loudspeaker
9945,Jack
9945,Loudspeaker
9936,Jack
9936,Loudspeaker
9935,Jack
9935,Loudspeaker
9800,Jack
9800,Loudspeaker
9897,Jack
9897,Loudspeaker
9892,0.0
9892,Loudspeaker
9891,0.0
9891,Loudspeaker
9884,Jack
9884,Loudspeaker
9862,Jack
9862,Loudspeaker
9812,Jack
9812,Loudspeaker
9779,0.0
9779,Loudspeaker
9769,Jack
9769,Loudspeaker
9716,Jack
9716,Loudspeaker
9759,Jack
9759,Loudspeaker
9749,Jack
9749,Loudspeaker
9791,Jack
9791,Loudspeaker
9738,Jack
9738,Loudspeaker
9720,Jack
9720,Loudspeaker
9708,Jack
9708,Loudspeaker
9707,Jack
9707,Loudspeaker
9639,0.0
9639,Loudspeaker
9498,Jack
9498,Loudspeaker
9521,Jack
9521,Loudspeaker
9602,0.0
9602,Loudspeaker
9584,0.0
9584,Loudspeaker
9583,0.0
9583,Loudspeaker
9507,0.0
9507,Loudspeaker
9534,Jack
9534,Loudspeaker
9513,Jack
9513,Loudspeaker
9499,Jack
9499,Loudspeaker
9382,0.0
9382,Loudspeaker
9378,0.0
9378,Loudspeaker
9333,Jack
9333,Loudspeaker
9329,0.0
9329,Loudspeaker
9293,Jack
9293,Loudspeaker
9140,0.0
9140,Loudspeaker
9247,Jack
9247,Loudspeaker
8963,Jack
8963,Loudspeaker
9249,Jack
9249,Loudspeaker
9237,Jack
9237,Loudspeaker
9217,Jack
9217,Loudspeaker
9219,0.0
9219,Loudspeaker
9185,Jack
9185,Loudspeaker
9067,0.0
9067,Loudspeaker
9120,Jack
9120,Loudspeaker
8893,Jack
8893,Loudspeaker
9164,0.0
9164,Loudspeaker
8959,Jack
8959,Loudspeaker
8768,Jack
8768,Loudspeaker
8898,Jack
8898,Loudspeaker
8753,Jack
8753,Loudspeaker
8818,Jack
8818,Loudspeaker
8707,0.0
8707,Loudspeaker
8529,0.0
8529,Loudspeaker
8776,Jack
8776,Loudspeaker
8582,Jack
8582,Loudspeaker
8608,Jack
8608,Loudspeaker
8477,Jack
8477,Loudspeaker
8439,Jack
8439,Loudspeaker
8580,Jack
8580,Loudspeaker
8531,Jack
8531,Loudspeaker
8420,Jack
8420,Loudspeaker
8419,Jack
8419,Loudspeaker
8263,Jack
8263,Loudspeaker
8400,Jack
8400,Loudspeaker
8014,Jack
8014,Loudspeaker
8350,Jack
8350,Loudspeaker
7260,Jack
7260,Loudspeaker
8291,Jack
8291,Loudspeaker
8233,Jack
8233,Loudspeaker
8212,Jack
8212,Loudspeaker
8250,Jack
8250,Loudspeaker
8150,Jack
8150,Loudspeaker
8007,Jack
8007,Loudspeaker
7962,Jack
7962,Loudspeaker
7863,Jack
7863,Loudspeaker
7862,Jack
7862,Loudspeaker
7822,Jack
7822,Loudspeaker
7769,Jack
7769,Loudspeaker
7512,Jack
7512,Loudspeaker
6992,Jack
6992,Loudspeaker
7710,Jack
7710,Loudspeaker
7480,Jack
7480,Loudspeaker
7211,Jack
7211,Loudspeaker
6952,Jack
6952,Loudspeaker
6944,Jack
6944,Loudspeaker
7159,Jack
7159,Loudspeaker
6884,Jack
6884,Loudspeaker
6866,Jack
6866,Loudspeaker
6561,Jack
6561,Loudspeaker
6518,Jack
6518,Loudspeaker
6365,Jack
6365,Loudspeaker
6217,Jack
6217,Loudspeaker
5678,Jack
5678,Loudspeaker
6373,Jack
6373,Loudspeaker
5609,Jack
5609,Loudspeaker
5397,Jack
5397,Loudspeaker
4928,Jack
4928,Loudspeaker
4929,Jack
4929,Loudspeaker
12751,0.0
12751,Loudspeaker
12708,Jack
12708,Loudspeaker
12712,Jack
12712,Loudspeaker
12613,0.0
12613,Loudspeaker
12612,Jack
12612,Loudspeaker
12611,Jack
12611,Loudspeaker
12435,Jack
12435,Loudspeaker
12428,0.0
12428,Loudspeaker
12399,Jack
12399,Loudspeaker
12398,Jack
12398,Loudspeaker
12455,Jack
12455,Loudspeaker
12157,0.0
12157,Loudspeaker
12096,Jack
12096,Loudspeaker
12042,Jack
12042,Loudspeaker
12015,Jack
12015,Loudspeaker
12006,0.0
12006,Loudspeaker
12005,0.0
12005,Loudspeaker
11944,Jack
11944,Loudspeaker
11917,Jack
11917,Loudspeaker
11698,0.0
11698,Loudspeaker
11649,Jack
11649,Loudspeaker
11664,Jack
11664,Loudspeaker
11660,Jack
11660,Loudspeaker
11958,Jack
11958,Loudspeaker
11612,Jack
11612,Loudspeaker
11611,Jack
11611,Loudspeaker
11516,0.0
11516,Loudspeaker
11379,0.0
11379,Loudspeaker
11579,Jack
11579,Loudspeaker
11364,Jack
11364,Loudspeaker
11363,Jack
11363,Loudspeaker
11700,0.0
11700,Loudspeaker
11243,0.0
11243,Loudspeaker
11240,Jack
11240,Loudspeaker
11946,Jack
11946,Loudspeaker
11203,Jack
11203,Loudspeaker
11083,Jack
11083,Loudspeaker
11082,Jack
11082,Loudspeaker
11009,Jack
11009,Loudspeaker
10929,0.0
10929,Loudspeaker
10914,0.0
10914,Loudspeaker
10885,Jack
10885,Loudspeaker
10837,0.0
10837,Loudspeaker
10858,0.0
10858,Loudspeaker
10798,0.0
10798,Loudspeaker
10820,Jack
10820,Loudspeaker
10821,Jack
10821,Loudspeaker
10772,Jack
10772,Loudspeaker
10706,Jack
10706,Loudspeaker
10613,0.0
10613,Loudspeaker
10614,Jack
10614,Loudspeaker
10571,Jack
10571,Loudspeaker
10567,Jack
10567,Loudspeaker
11728,Jack
11728,Loudspeaker
11197,Jack
11197,Loudspeaker
11729,Jack
11729,Loudspeaker
11723,Jack
11723,Loudspeaker
10339,Jack
10339,Loudspeaker
10282,0.0
10282,Loudspeaker
10281,Jack
10281,Loudspeaker
11725,Jack
11725,Loudspeaker
11724,Jack
11724,Loudspeaker
10193,0.0
10193,Loudspeaker
10284,0.0
10284,Loudspeaker
10139,0.0
10139,Loudspeaker
11705,Jack
11705,Loudspeaker
10070,Jack
10070,Loudspeaker
9955,Jack
9955,Loudspeaker
9954,Jack
9954,Loudspeaker
9921,Jack
9921,Loudspeaker
9839,Jack
9839,Loudspeaker
9780,0.0
9780,Loudspeaker
9712,Jack
9712,Loudspeaker
9713,Jack
9713,Loudspeaker
9714,Jack
9714,Loudspeaker
9692,Jack
9692,Loudspeaker
9610,0.0
9610,Loudspeaker
9695,0.0
9695,Loudspeaker
9433,Jack
9433,Loudspeaker
9347,0.0
9347,Loudspeaker
9171,0.0
9171,Loudspeaker
9174,Jack
9174,Loudspeaker
9701,Jack
9701,Loudspeaker
9697,Jack
9697,Loudspeaker
9161,Jack
9161,Loudspeaker
9133,Jack
9133,Loudspeaker
9110,Jack
9110,Loudspeaker
9088,Jack
9088,Loudspeaker
8971,Jack
8971,Loudspeaker
9038,Jack
9038,Loudspeaker
8970,Jack
8970,Loudspeaker
9033,Jack
9033,Loudspeaker
8913,Jack
8913,Loudspeaker
8902,Jack
8902,Loudspeaker
8901,0.0
8901,Loudspeaker
8896,0.0
8896,Loudspeaker
8838,Jack
8838,Loudspeaker
8290,Jack
8290,Loudspeaker
8895,Jack
8895,Loudspeaker
8894,Jack
8894,Loudspeaker
8793,Jack
8793,Loudspeaker
8779,Jack
8779,Loudspeaker
8752,Jack
8752,Loudspeaker
8748,Jack
8748,Loudspeaker
8746,Jack
8746,Loudspeaker
8747,Jack
8747,Loudspeaker
8677,0.0
8677,Loudspeaker
8658,Jack
8658,Loudspeaker
8660,Jack
8660,Loudspeaker
8615,Jack
8615,Loudspeaker
8609,Jack
8609,Loudspeaker
8607,Jack
8607,Loudspeaker
8600,Jack
8600,Loudspeaker
8601,Jack
8601,Loudspeaker
8562,Jack
8562,Loudspeaker
8504,Jack
8504,Loudspeaker
8501,Jack
8501,Loudspeaker
8401,Jack
8401,Loudspeaker
8638,Jack
8638,Loudspeaker
8387,Jack
8387,Loudspeaker
8232,Jack
8232,Loudspeaker
8300,Jack
8300,Loudspeaker
8182,Jack
8182,Loudspeaker
8092,Jack
8092,Loudspeaker
8067,Jack
8067,Loudspeaker
8091,Jack
8091,Loudspeaker
8548,Jack
8548,Loudspeaker
8044,Jack
8044,Loudspeaker
8063,Jack
8063,Loudspeaker
7963,Jack
7963,Loudspeaker
8293,Jack
8293,Loudspeaker
7943,Jack
7943,Loudspeaker
9152,Jack
9152,Loudspeaker
8143,Jack
8143,Loudspeaker
7944,Jack
7944,Loudspeaker
7868,Jack
7868,Loudspeaker
7852,Jack
7852,Loudspeaker
7853,Jack
7853,Loudspeaker
7761,Jack
7761,Loudspeaker
7686,Jack
7686,Loudspeaker
7670,Jack
7670,Loudspeaker
7646,Jack
7646,Loudspeaker
7572,Jack
7572,Loudspeaker
7485,Jack
7485,Loudspeaker
7441,Jack
7441,Loudspeaker
7430,Jack
7430,Loudspeaker
7428,Jack
7428,Loudspeaker
7422,Jack
7422,Loudspeaker
8114,Jack
8114,Loudspeaker
7481,Jack
7481,Loudspeaker
7656,Jack
7656,Loudspeaker
7790,Jack
7790,Loudspeaker
7355,Jack
7355,Loudspeaker
8244,Jack
8244,Loudspeaker
7294,Jack
7294,Loudspeaker
7207,Jack
7207,Loudspeaker
7168,Jack
7168,Loudspeaker
7116,Jack
7116,Loudspeaker
7149,Jack
7149,Loudspeaker
7891,Jack
7891,Loudspeaker
7057,Jack
7057,Loudspeaker
7058,Jack
7058,Loudspeaker
7056,Jack
7056,Loudspeaker
6954,Jack
6954,Loudspeaker
6914,Jack
6914,Loudspeaker
6898,Jack
6898,Loudspeaker
6847,Jack
6847,Loudspeaker
6697,Jack
6697,Loudspeaker
6641,Jack
6641,Loudspeaker
6607,Jack
6607,Loudspeaker
6491,Jack
6491,Loudspeaker
6492,Jack
6492,Loudspeaker
6367,Jack
6367,Loudspeaker
6579,Jack
6579,Loudspeaker
6381,Jack
6381,Loudspeaker
6324,Jack
6324,Loudspeaker
6236,Jack
6236,Loudspeaker
6155,Jack
6155,Loudspeaker
5948,Jack
5948,Loudspeaker
5852,Jack
5852,Loudspeaker
5853,Jack
5853,Loudspeaker
5834,Jack
5834,Loudspeaker
5755,Jack
5755,Loudspeaker
5620,Jack
5620,Loudspeaker
5659,Jack
5659,Loudspeaker
5511,Jack
5511,Loudspeaker
5499,Jack
5499,Loudspeaker
5376,Jack
5376,Loudspeaker
5330,Jack
5330,Loudspeaker
5470,Jack
5470,Loudspeaker
5240,Jack
5240,Loudspeaker
5173,Jack
5173,Loudspeaker
5133,Jack
5133,Loudspeaker
5647,Jack
5647,Loudspeaker
4893,Jack
4893,Loudspeaker
5004,Jack
5004,Loudspeaker
4983,Jack
4983,Loudspeaker
4962,Jack
4962,Loudspeaker
4873,Jack
4873,Loudspeaker
4597,Jack
4597,Loudspeaker
4585,Jack
4585,Loudspeaker
4586,0.0
4586,Loudspeaker
4598,Jack
4598,Loudspeaker
4608,Jack
4608,Loudspeaker
4506,Jack
4506,Loudspeaker
4467,Jack
4467,Loudspeaker
4304,Jack
4304,Loudspeaker
4290,Jack
4290,Loudspeaker
3391,Jack
3391,Loudspeaker
